"Province","Country","WeekNum","Date","Beta","TransmissionInterval","R0"
"","Afghanistan",1,2020-02-28,0.03919819,25.5113820306499,2.7619199612186
"","Afghanistan",2,2020-03-06,0.05810128,17.2113247763216,4.09383915441889
"","Afghanistan",3,2020-03-13,0.1055441,9.47471246616343,7.43667900428188
"","Afghanistan",4,2020-03-20,0.182769,5.47138737969787,12.8779759828697
"","Afghanistan",5,2020-03-27,0.2035937,4.91174333979883,14.3452925762223
"","Afghanistan",6,2020-04-03,0.09683723,10.3266068226032,6.82318950252847
"","Afghanistan",7,2020-04-10,0.1014443,9.85762630330142,7.14780547575916
"","Afghanistan",8,2020-04-17,0.05202247,19.2224629088161,3.66552379905541
"","Afghanistan",9,2020-04-24,0.1065314,9.38690376733996,7.50624455253069
"","Albania",1,2020-03-12,0.2928959,3.4141823084584,5.01405118067237
"","Albania",2,2020-03-19,0.245162,4.07893556097601,4.19690004385858
"","Albania",3,2020-03-26,0.136531,7.3243439218932,2.33725846537415
"","Albania",4,2020-04-02,0.1069025,9.35431818713313,1.83005158604756
"","Albania",5,2020-04-09,0.04737162,21.1096855036834,0.81094930721585
"","Albania",6,2020-04-16,0.07264872,13.7648674333147,1.24366507107247
"","Albania",7,2020-04-23,0.07952393,12.5748312489083,1.36136099927724
"","Algeria",1,2020-03-16,0.3810825,2.6241037045784,6.63361081702474
"","Algeria",2,2020-03-23,0.2516588,3.97363414273612,4.38069588049692
"","Algeria",3,2020-03-30,0.221854,4.50746887592741,3.86187530049322
"","Algeria",4,2020-04-06,0.05054915,19.7827263168619,0.879923345289816
"","Algeria",5,2020-04-13,0.07989218,12.5168696110183,1.39070576435204
"","Algeria",6,2020-04-20,0.06403558,15.6163183030434,1.11468544517907
"","Algeria",7,2020-04-27,0.06258618,15.9779682990718,1.08945532960516
"","Andorra",1,2020-03-04,0.1490798,6.70781688733148,6.54305306603981
"","Andorra",2,2020-03-11,0.2492725,4.01167397125636,10.9404707774253
"","Andorra",3,2020-03-18,0.3460802,2.88950364684255,15.1893221865449
"","Andorra",4,2020-03-25,0.1470015,6.80265167362238,6.45183730651269
"","Andorra",5,2020-04-01,0.07357611,13.5913681764366,3.22922617365184
"","Andorra",6,2020-04-08,0.02605984,38.3732210174736,1.14375600190305
"","Andorra",7,2020-04-15,0.003873908,258.137260874548,0.170024279727744
"","Andorra",8,2020-04-22,0.002683739,372.614475550715,0.117788236182237
"Anhui","China",1,2020-01-24,0.4537212,2.20399663934592,6.91535058366215
"Anhui","China",2,2020-01-31,0.3828836,2.61175981420985,5.83568571786962
"Anhui","China",3,2020-02-07,0.1418439,7.0500035602518,2.16190095735865
"Anhui","China",4,2020-02-14,0.01666789,59.9955963232299,0.254042136095727
"Anhui","China",5,2020-02-21,0.005129301,194.95833837788,0.0781777767142661
"Anhui","China",6,2020-02-28,0.003113321,321.200415890298,0.0474514000987338
"Anhui","China",7,2020-03-06,0.002514299,397.725171111312,0.0383214605293982
"Anhui","China",8,2020-03-13,0.002287577,437.143755161028,0.0348658976969163
"Anhui","China",9,2020-03-20,0.002193913,455.806588501914,0.033438326322539
"Anhui","China",10,2020-03-27,0.002156577,463.697795163354,0.0328692730594523
"Anhui","China",11,2020-04-03,0.002143159,466.600938147846,0.032664763827502
"Anhui","China",12,2020-04-10,0.002139383,467.42448640566,0.0326072122654328
"Anhui","China",13,2020-04-17,0.002138768,467.558893718253,0.0325978387986233
"Anhui","China",14,2020-04-24,0.002138809,467.549930825988,0.0325984636964106
"","Argentina",1,2020-01-08,0.02726778,36.6733192067708,0.986502590729811
"","Argentina",2,2020-01-15,0.03136502,31.8826514378119,1.13473386862782
"","Argentina",3,2020-01-22,0.03937931,25.3940457565153,1.42467745214874
"","Argentina",4,2020-01-29,0.04719957,21.18663369179,1.70760135538475
"","Argentina",5,2020-02-05,0.05594323,17.8752639059275,2.02393232337923
"","Argentina",6,2020-02-12,0.06889107,14.5156694474335,2.49236347928393
"","Argentina",7,2020-02-19,0.08253085,12.1166812167814,2.9858278649796
"","Argentina",8,2020-02-26,0.1149802,8.69714959619134,4.1597909761129
"","Argentina",9,2020-03-04,0.1411832,7.0829957105378,5.10777161057941
"","Argentina",10,2020-03-11,0.2069643,4.83175117641062,7.48762158630375
"","Argentina",11,2020-03-18,0.2401224,4.16454274986424,8.68722608486133
"","Argentina",12,2020-03-25,0.1616825,6.18496126668007,5.84940193611921
"","Argentina",13,2020-04-01,0.1138975,8.77982396452951,4.12062070427621
"","Argentina",14,2020-04-08,0.06572501,15.2149082974655,2.37782073350829
"","Armenia",1,2020-03-03,0.217328,4.60133991018184,8.04514473471842
"","Armenia",2,2020-03-10,0.3175208,3.14939997631651,11.7541264461256
"","Armenia",3,2020-03-17,0.2312319,4.32466281685183,8.55984549981565
"","Armenia",4,2020-03-24,0.1552747,6.44019920824191,5.7480280274055
"","Armenia",5,2020-03-31,0.1145119,8.73271686174101,4.23905253509719
"","Armenia",6,2020-04-07,0.03366871,29.7011676420035,1.24636330790906
"","Armenia",7,2020-04-14,0.02466293,40.5466828150589,0.912983331334337
"","Armenia",8,2020-04-21,0.04126231,24.2351918736493,1.52746657604551
"","Austria",1,2020-03-19,0.2671694,3.74294361554879,5.57560875946653
"","Austria",2,2020-03-26,0.1421355,7.03554003046389,2.96625264282195
"","Austria",3,2020-04-02,0.02803912,35.664457372414,0.585153700535065
"","Austria",4,2020-04-09,0.00508563,196.632472279737,0.106132974717186
"","Austria",5,2020-04-16,0.002786813,358.832831625229,0.0581585277872211
"","Austria",6,2020-04-23,0.002646886,377.802444079571,0.0552383647487673
"","Azerbaijan",1,2020-03-03,0.1003646,9.9636724502464,2.06395541929011
"","Azerbaijan",2,2020-03-10,0.158933,6.29195950494863,3.26838971762987
"","Azerbaijan",3,2020-03-17,0.2414655,4.14137837496454,4.96563556569343
"","Azerbaijan",4,2020-03-24,0.2648732,3.7753913948259,5.4470049854701
"","Azerbaijan",5,2020-03-31,0.2081602,4.80399230976911,4.28072620097636
"","Azerbaijan",6,2020-04-07,0.1166763,8.57072087476206,2.39939860954677
"","Azerbaijan",7,2020-04-14,0.01291704,77.417117234289,0.265633447542132
"","Azerbaijan",8,2020-04-21,0.008416901,118.808573369225,0.173089998192374
"","Bahrain",1,2020-02-22,0.1295885,7.71673412378413,2.40089011266102
"","Bahrain",2,2020-02-29,0.1625831,6.15070078009338,3.01218207846976
"","Bahrain",3,2020-03-07,0.1710881,5.84494187497552,3.16975447423159
"","Bahrain",4,2020-03-14,0.104035,9.61214975729322,1.92745963469513
"","Bahrain",5,2020-03-21,0.08679803,11.5209988060789,1.6081097630226
"","Bahrain",6,2020-03-28,0.06692013,14.9431867511315,1.23983130026962
"","Bahrain",7,2020-04-04,0.0908551,11.0065367821949,1.68327522330167
"","Bahrain",8,2020-04-11,0.2017626,4.95631995226073,3.73806187620646
"","Bahrain",9,2020-04-18,0.07081092,14.1221156284935,1.31191608589057
"","Bahrain",10,2020-04-25,0.1560548,6.40800539297734,2.89123206421321
"","Bangladesh",1,2020-03-09,0.09734504,10.272737059844,8.82772054556007
"","Bangladesh",2,2020-03-16,0.1077227,9.28309446384095,9.76881710679048
"","Bangladesh",3,2020-03-23,0.1324773,7.54846301970224,12.0136843441672
"","Bangladesh",4,2020-03-30,0.1824586,5.48069534678004,16.5462311375508
"","Bangladesh",5,2020-04-06,0.2930277,3.41264665422416,26.5731736070807
"","Bangladesh",6,2020-04-13,0.2472342,4.0447478544635,22.4203968369124
"","Bangladesh",7,2020-04-20,0.1417321,7.05556468859207,12.8529545124782
"","Bangladesh",8,2020-04-27,0.1200874,8.32726830625028,10.8901080963436
"Beijing","China",1,2020-01-27,0.2195164,4.55546829302959,5.49828939580693
"Beijing","China",2,2020-02-03,0.1407088,7.10687604471078,3.52437313538633
"Beijing","China",3,2020-02-10,0.03376261,29.6185632568098,0.845661647775588
"Beijing","China",4,2020-02-17,0.007897039,126.629740590112,0.197799370762156
"Beijing","China",5,2020-02-24,0.005892219,169.715348326327,0.147584076841057
"Beijing","China",6,2020-03-02,0.008661759,115.449991162303,0.216953529024416
"Beijing","China",7,2020-03-09,0.01710702,58.4555346284742,0.428484371372058
"Beijing","China",8,2020-03-16,0.03998497,25.0093972810283,1.00151485967635
"Beijing","China",9,2020-03-23,0.08034908,12.4456932176448,2.01252614623255
"Beijing","China",10,2020-03-30,0.02422773,41.2750183364269,0.606838809963509
"Beijing","China",11,2020-04-06,0.01090835,91.6728927839682,0.273224529605763
"Beijing","China",12,2020-04-13,0.008056766,124.119280614579,0.201800098135255
"Beijing","China",13,2020-04-20,0.007652097,130.683131695795,0.191664239167488
"Beijing","China",14,2020-04-27,0.007672324,130.338604052696,0.192170870560901
"","Belarus",1,2020-03-02,0.07829152,12.7727753912557,5.13469844971713
"","Belarus",2,2020-03-09,0.07437555,13.4452787239893,4.87787210264738
"","Belarus",3,2020-03-16,0.1003023,9.96986110986488,6.57826114901158
"","Belarus",4,2020-03-23,0.1311789,7.62317720304104,8.6032828902236
"","Belarus",5,2020-03-30,0.1671771,5.98168050528452,10.964201438396
"","Belarus",6,2020-04-06,0.29165,3.42876735813475,19.1276756775191
"","Belarus",7,2020-04-13,0.1321656,7.5662653519524,8.66799496836867
"","Belarus",8,2020-04-20,0.1070115,9.34479004592964,7.01827967003202
"","Belarus",9,2020-04-27,0.07391337,13.5293519968038,4.84756032776435
"","Belgium",1,2020-01-04,0.03309429,30.2166929702979,0.956142469584512
"","Belgium",2,2020-01-11,0.03231544,30.9449600562456,0.933640353284815
"","Belgium",3,2020-01-18,0.03451789,28.9704845806044,0.997272356936696
"","Belgium",4,2020-01-25,0.05363285,18.6452892210651,1.54953152492033
"","Belgium",5,2020-02-01,0.08066547,12.3968781189771,2.33054347731876
"","Belgium",6,2020-02-08,0.1210743,8.25939113420437,3.49801371188855
"","Belgium",7,2020-02-15,0.1707334,5.85708478833081,4.93273778396697
"","Belgium",8,2020-02-22,0.1502517,6.65549873978131,4.34099149724231
"","Belgium",9,2020-02-29,0.1841458,5.43047954392661,5.32024164820021
"","Belgium",10,2020-03-07,0.2642844,3.78380260053185,7.6355630801767
"","Belgium",11,2020-03-14,0.266917,3.74648298909399,7.711622746827
"","Belgium",12,2020-03-21,0.1822745,5.48623093191862,5.26617705266625
"","Belgium",13,2020-03-28,0.1653343,6.04835173342737,4.77674988371186
"","Belgium",14,2020-04-04,0.06894486,14.504344486304,1.99191790201749
"","Bolivia",1,2020-03-11,0.1106792,9.03512132360913,9.60854531232773
"","Bolivia",2,2020-03-18,0.1741131,5.74339323118134,15.1155195449538
"","Bolivia",3,2020-03-25,0.1962376,5.09586338194107,17.0362441324336
"","Bolivia",4,2020-04-01,0.1063355,9.40419709316268,9.23144972189016
"","Bolivia",5,2020-04-08,0.1025843,9.74808035927525,8.90579164724195
"","Bolivia",6,2020-04-15,0.08117775,12.3186464271306,7.04739543859923
"","Bolivia",7,2020-04-22,0.1111702,8.99521634394829,9.6511711692941
"","Bosnia_and_Herzegovina",1,2020-01-18,0.001540049,649.329988851004,0.0606378186829412
"","Bosnia_and_Herzegovina",2,2020-01-25,0.002334507,428.355965520772,0.0919187715326312
"","Bosnia_and_Herzegovina",3,2020-02-01,0.003992221,250.48713485551,0.157189526528202
"","Bosnia_and_Herzegovina",4,2020-02-08,0.007400923,135.118281868356,0.291403602716803
"","Bosnia_and_Herzegovina",5,2020-02-15,0.01701432,58.7740209423591,0.669921055221971
"","Bosnia_and_Herzegovina",6,2020-02-22,0.03760296,26.5936511381019,1.48057722216754
"","Bosnia_and_Herzegovina",7,2020-02-29,0.09020391,11.0859939441649,3.55168461462742
"","Bosnia_and_Herzegovina",8,2020-03-07,0.1910483,5.23427845209824,7.52232700068904
"","Bosnia_and_Herzegovina",9,2020-03-14,0.3812457,2.62298040345111,15.0111507038094
"","Bosnia_and_Herzegovina",10,2020-03-21,0.1907781,5.24169178747456,7.5116881582833
"","Bosnia_and_Herzegovina",11,2020-03-28,0.1678267,5.95852745719245,6.60800078747908
"","Bosnia_and_Herzegovina",12,2020-04-04,0.07903978,12.6518570775374,3.1121086721134
"","Bosnia_and_Herzegovina",13,2020-04-11,0.0547848,18.2532381244433,2.15709420218525
"","Bosnia_and_Herzegovina",14,2020-04-18,0.02565894,38.972771283615,1.01029392656758
"","Brazil",1,2020-02-29,0.1422784,7.02847375286762,2.03881676795187
"","Brazil",2,2020-03-07,0.1711918,5.84140128207075,2.45313914393093
"","Brazil",3,2020-03-14,0.2253378,4.43778185462004,3.22903887795607
"","Brazil",4,2020-03-21,0.2936598,3.40530096390449,4.20807743349231
"","Brazil",5,2020-03-28,0.2676623,3.73605098663502,3.83553923426581
"","Brazil",6,2020-04-04,0.2657744,3.76258962488486,3.80848606121764
"","Brazil",7,2020-04-11,0.08497614,11.7680092317679,1.21768855362322
"","Brazil",8,2020-04-18,0.07511834,13.3123282543251,1.07642854553263
"","Brazil",9,2020-04-25,0.1236284,8.08875630518554,1.77156655483236
"","Bulgaria",1,2020-03-11,0.197837,5.05466621511648,14.8420086829768
"","Bulgaria",2,2020-03-18,0.2226728,4.49089426279276,16.7052251654785
"","Bulgaria",3,2020-03-25,0.09985,10.0150225338007,7.4908867754527
"","Bulgaria",4,2020-04-01,0.07171535,13.9440161694812,5.38018594804168
"","Bulgaria",5,2020-04-08,0.03725233,26.8439584852813,2.79472194443465
"","Bulgaria",6,2020-04-15,0.04050897,24.6858905570791,3.03903963605618
"","Bulgaria",7,2020-04-22,0.093499,10.6953015540273,7.01442586497799
"","Burkina_Faso",1,2020-03-17,0.376157,2.658464417783,6.81316340619591
"","Burkina_Faso",2,2020-03-24,0.2458789,4.06704275966746,4.45349448192032
"","Burkina_Faso",3,2020-03-31,0.07810436,12.803382551243,1.41466932003486
"","Burkina_Faso",4,2020-04-07,0.1043258,9.58535664236459,1.88960652834352
"","Burkina_Faso",5,2020-04-14,0.01150938,86.8856532671612,0.208464249353337
"","Burkina_Faso",6,2020-04-21,0.007501045,133.314758143699,0.135863071276698
"","Cameroon",1,2020-03-02,0.1198022,8.34709212351693,4.31114370598972
"","Cameroon",2,2020-03-09,0.155146,6.44554161886223,5.58300850409659
"","Cameroon",3,2020-03-16,0.203307,4.91866979494066,7.31610682803531
"","Cameroon",4,2020-03-23,0.2295472,4.35640251765214,8.26037390388125
"","Cameroon",5,2020-03-30,0.3146044,3.17859508640057,11.3212009373507
"","Cameroon",6,2020-04-06,0.07103581,14.0774068740822,2.55626011192934
"","Cameroon",7,2020-04-13,0.04608686,21.6981586508606,1.65845933061187
"","Cameroon",8,2020-04-20,0.01573582,63.5492780166525,0.566261565744094
"","Cameroon",9,2020-04-27,0.01542367,64.8354120647031,0.555028687651499
"Channel_Islands","United_Kingdom",1,2020-03-12,0.2515565,3.97525009292147,9.00667095834518
"Channel_Islands","United_Kingdom",2,2020-03-19,0.2677277,3.7351383513921,9.58566087671974
"Channel_Islands","United_Kingdom",3,2020-03-26,0.236103,4.23543961745509,8.45337740538675
"Channel_Islands","United_Kingdom",4,2020-04-02,0.1319868,7.5765152272803,4.72562497269963
"Channel_Islands","United_Kingdom",5,2020-04-09,0.05250089,19.0472961505986,1.87972976746884
"Channel_Islands","United_Kingdom",6,2020-04-16,0.00882004,113.378170620541,0.315790679705922
"Channel_Islands","United_Kingdom",7,2020-04-23,0.006602264,151.463195049456,0.236385938857187
"","Chile",1,2020-03-06,0.05994344,16.6823926020929,1.42750822425215
"","Chile",2,2020-03-13,0.1182538,8.45638787083375,2.81612586880347
"","Chile",3,2020-03-20,0.2702008,3.70095129252023,6.43463011464658
"","Chile",4,2020-03-27,0.1893924,5.28004291618882,4.51023846163738
"","Chile",5,2020-04-03,0.1169146,8.55325168969487,2.7842338216684
"","Chile",6,2020-04-10,0.07028623,14.2275378833094,1.67381403831142
"","Chile",7,2020-04-17,0.0548865,18.2194164320917,1.30708097750839
"","Chile",8,2020-04-24,0.04571155,21.8763091603763,1.08858640025186
"Chongqing","China",1,2020-02-05,0.1220014,8.19662725181842,1.9450814158691
"Chongqing","China",2,2020-02-12,0.03672775,27.2273689512698,0.585554460618373
"Chongqing","China",3,2020-02-19,0.01020163,98.0235511383965,0.162645682136211
"Chongqing","China",4,2020-02-26,0.004544926,220.025584574974,0.0724602430718031
"Chongqing","China",5,2020-03-04,0.002989578,334.49537024958,0.0476631629562539
"Chongqing","China",6,2020-03-11,0.002375869,420.898626986589,0.0378787344935345
"Chongqing","China",7,2020-03-18,0.002185058,457.653755644015,0.0348366142388211
"Chongqing","China",8,2020-03-25,0.002107908,474.404006246952,0.0336066035075155
"Chongqing","China",9,2020-04-01,0.002077267,481.401764915151,0.0331180907555008
"Chongqing","China",10,2020-04-08,0.002067139,483.760405081613,0.0329566189643581
"Chongqing","China",11,2020-04-15,0.002064921,484.280028146355,0.0329212571522772
"Chongqing","China",12,2020-04-22,0.002064568,484.362830383887,0.0329156292353861
"","Colombia",1,2020-03-09,0.08786026,11.3817100017687,4.51175332398052
"","Colombia",2,2020-03-16,0.1752974,5.70459116906469,9.0017788148492
"","Colombia",3,2020-03-23,0.2328703,4.29423589010707,11.9582317430126
"","Colombia",4,2020-03-30,0.1138986,8.77973917150869,5.84886030552069
"","Colombia",5,2020-04-06,0.1213822,8.23844023258765,6.23315415094456
"","Colombia",6,2020-04-13,0.03971215,25.1812102845099,2.03927719727796
"","Colombia",7,2020-04-20,0.06893705,14.5059877090766,3.54001871247491
"","Colombia",8,2020-04-27,0.05613877,17.813001602992,2.88280824745656
"","Costa_Rica",1,2020-03-18,0.2337561,4.27796322748369,22.6500825555797
"","Costa_Rica",2,2020-03-25,0.1350437,7.40501037812205,13.0852241015782
"","Costa_Rica",3,2020-04-01,0.05332504,18.7529160784502,5.16699482186599
"","Costa_Rica",4,2020-04-08,0.04510212,22.1719067751139,4.37022495426498
"","Costa_Rica",5,2020-04-15,0.004512673,221.598152580522,0.437260957024588
"","Costa_Rica",6,2020-04-22,0.00216639,461.5974039762,0.209915002635577
"","Cote_d'Ivoire",1,2020-03-15,0.2822604,3.54282782848745,9.06734289901424
"","Cote_d'Ivoire",2,2020-03-22,0.398671,2.50833393951404,12.8069210590395
"","Cote_d'Ivoire",3,2020-03-29,0.1063681,9.40131486789742,3.41697254101757
"","Cote_d'Ivoire",4,2020-04-05,0.1568269,6.3764571001531,5.03791278581557
"","Cote_d'Ivoire",5,2020-04-12,0.06040233,16.5556527372371,1.94036654808615
"","Cote_d'Ivoire",6,2020-04-19,0.06180294,16.1804600234228,1.98535979240164
"","Cote_d'Ivoire",7,2020-04-26,0.04800943,20.8292412553117,1.54225659779488
"","Croatia",1,2020-02-22,0.04092121,24.4372050582082,1.59118953454416
"","Croatia",2,2020-02-29,0.05589437,17.8908895475519,2.17340925607867
"","Croatia",3,2020-03-07,0.1020637,9.79780274475646,3.96866786922613
"","Croatia",4,2020-03-14,0.2064339,4.84416561427169,8.02702220328128
"","Croatia",5,2020-03-21,0.253268,3.94838668919879,9.84812988264352
"","Croatia",6,2020-03-28,0.1270913,7.868359203187,4.9418466973878
"","Croatia",7,2020-04-04,0.06999933,14.2858510217169,2.72186969351843
"","Croatia",8,2020-04-11,0.03222577,31.031066131236,1.25307408961336
"","Croatia",9,2020-04-18,0.00535213,186.841500486722,0.208113426839525
"","Croatia",10,2020-04-25,0.005203091,192.193448086916,0.202318160838375
"","Cuba",1,2020-03-15,0.1925475,5.19352367597606,6.52641001775424
"","Cuba",2,2020-03-22,0.3385051,2.95416524005104,11.4736523491653
"","Cuba",3,2020-03-29,0.1750281,5.71336831057413,5.93258881693343
"","Cuba",4,2020-04-05,0.1427595,7.00478777244246,4.83884252420616
"","Cuba",5,2020-04-12,0.08219348,12.1664151463109,2.7859533427652
"","Cuba",6,2020-04-19,0.05992428,16.6877265776076,2.0311373624623
"","Cuba",7,2020-04-26,0.02803244,35.6729560466374,0.950161374404209
"","Cyprus",1,2020-03-15,0.2444182,4.09134835294589,27.0712055923794
"","Cyprus",2,2020-03-22,0.09838522,10.1641283111427,10.8969238701188
"","Cyprus",3,2020-03-29,0.1381697,7.23747681293366,15.3033626601349
"","Cyprus",4,2020-04-05,0.07056288,14.1717571618392,7.81538458130531
"","Cyprus",5,2020-04-12,0.04983982,20.0642779207469,5.5201454470542
"","Cyprus",6,2020-04-19,0.014108,70.8817692089595,1.56257008887754
"","Cyprus",7,2020-04-26,0.01886448,53.0096774467147,2.08938702794362
"","Czechia",1,2020-03-04,0.07756868,12.8918011754229,6.05855741863727
"","Czechia",2,2020-03-11,0.1586612,6.30273816156691,12.3923468893617
"","Czechia",3,2020-03-18,0.2184165,4.57840868249423,17.0595774793098
"","Czechia",4,2020-03-25,0.1450206,6.89557207734625,11.3269380371721
"","Czechia",5,2020-04-01,0.08313861,12.028105834341,6.49360079855286
"","Czechia",6,2020-04-08,0.03824557,26.1468190956495,2.98719769181983
"","Czechia",7,2020-04-15,0.005987368,167.018295852201,0.467647674480363
"","Czechia",8,2020-04-22,0.003371241,296.626672492415,0.263313197679323
"","Denmark",1,2020-02-11,0.166602,6.0023289036146,3.43255552339147
"","Denmark",2,2020-02-18,0.2125589,4.70457835451727,4.37942057262827
"","Denmark",3,2020-02-25,0.2238072,4.46813149889727,4.61117297832427
"","Denmark",4,2020-03-03,0.2455666,4.07221503250035,5.05948901688134
"","Denmark",5,2020-03-10,0.3434773,2.9114005496142,7.07677520842841
"","Denmark",6,2020-03-17,0.1553836,6.43568561933177,3.20141915717969
"","Denmark",7,2020-03-24,0.137921,7.25052747587387,2.84163149507014
"","Denmark",8,2020-03-31,0.09740445,10.2664713983807,2.00685575713622
"","Denmark",9,2020-04-07,0.07863633,12.7167684453229,1.62017003925964
"","Denmark",10,2020-04-14,0.02582726,38.7187800796523,0.532127489268242
"","Denmark",11,2020-04-21,0.01884306,53.0699366238817,0.388229731219295
"","Diamond_Princess",1,2020-02-09,1.487057,0.672469179056351,1.487057
"","Diamond_Princess",2,2020-02-16,1.490281,0.671014392587707,1.490281
"","Diamond_Princess",3,2020-02-23,1.474399,0.678242456756957,1.474399
"","Diamond_Princess",4,2020-03-01,1.569343,0.63720932899946,1.569343
"","Diamond_Princess",5,2020-03-08,1.02688,0.973823621065753,1.02688
"","Diamond_Princess",6,2020-03-15,1.025446,0.975185431509802,1.025446
"","Diamond_Princess",7,2020-03-22,1.27634,0.783490292555275,1.27634
"","Diamond_Princess",8,2020-03-29,0.8249411,1.21220775640831,0.8249411
"","Diamond_Princess",9,2020-04-05,0.8608606,1.16162825897712,0.8608606
"","Diamond_Princess",10,2020-04-12,0.8554887,1.16892251177602,0.8554887
"","Diamond_Princess",11,2020-04-19,0.8561647,1.16799956830736,0.8561647
"","Diamond_Princess",12,2020-04-26,0.8569729,1.16689804310031,0.8569729
"","Djibouti",1,2020-03-16,0.1045825,9.56182917792174,3.39560516984601
"","Djibouti",2,2020-03-23,0.1508641,6.62848219026263,4.89828525713351
"","Djibouti",3,2020-03-30,0.2245118,4.45410887089231,7.28949325911537
"","Djibouti",4,2020-04-06,0.1657436,6.03341546822924,5.38139578829047
"","Djibouti",5,2020-04-13,0.2827335,3.53689958918911,9.17984686050397
"","Djibouti",6,2020-04-20,0.02038347,49.0593603542478,0.661814511140975
"","Djibouti",7,2020-04-27,0.01614278,61.9471986857282,0.524126954544849
"","Dominican_Republic",1,2020-03-02,0.04056632,24.6509912656608,3.37847142988016
"","Dominican_Republic",2,2020-03-09,0.06527862,15.3189512891051,5.43657774853631
"","Dominican_Republic",3,2020-03-16,0.1365923,7.32105689705789,11.3757714057282
"","Dominican_Republic",4,2020-03-23,0.2702526,3.70024192181685,22.5073580238688
"","Dominican_Republic",5,2020-03-30,0.1256219,7.96039544060391,10.4621272059497
"","Dominican_Republic",6,2020-04-06,0.08402406,11.9013530172191,6.99774803661106
"","Dominican_Republic",7,2020-04-13,0.07779549,12.8542155849909,6.47901609854005
"","Dominican_Republic",8,2020-04-20,0.04797984,20.8420870098775,3.99588916742315
"","Dominican_Republic",9,2020-04-27,0.02274764,43.960604264882,1.89448418878516
"","Ecuador",1,2020-01-28,0.02429775,41.1560741220895,1.82249573023965
"","Ecuador",2,2020-02-04,0.03287537,30.4179086045267,2.4658752952454
"","Ecuador",3,2020-02-11,0.04617109,21.6585746621966,3.46314429877296
"","Ecuador",4,2020-02-18,0.07340353,13.6233230200237,5.50576164498846
"","Ecuador",5,2020-02-25,0.1147509,8.71452860064714,8.6070942902597
"","Ecuador",6,2020-03-03,0.1819061,5.49734176039176,13.6441888880471
"","Ecuador",7,2020-03-10,0.2349594,4.25605445025821,17.6235455249836
"","Ecuador",8,2020-03-17,0.3082305,3.24432526956288,23.1193740235056
"","Ecuador",9,2020-03-24,0.1798541,5.56006229493795,13.4902749973185
"","Ecuador",10,2020-03-31,0.1093707,9.14321660188698,8.20354286974399
"","Ecuador",11,2020-04-07,0.08899034,11.2371747315495,6.67487790773117
"","Ecuador",12,2020-04-14,0.05549151,18.0207747095006,4.16223889206001
"","Ecuador",13,2020-04-21,0.2388405,4.18689460120876,17.9146542975504
"","Egypt",1,2020-02-18,0.04603742,21.7214604988724,1.35064647781005
"","Egypt",2,2020-02-25,0.06879704,14.535509085856,2.01836853063784
"","Egypt",3,2020-03-03,0.1083793,9.22685420555401,3.17963343324883
"","Egypt",4,2020-03-10,0.1706304,5.86062038183114,5.00595708376619
"","Egypt",5,2020-03-17,0.1863518,5.36619447732729,5.46719173888463
"","Egypt",6,2020-03-24,0.08850351,11.2989868989377,2.5965172256683
"","Egypt",7,2020-03-31,0.142265,7.02913576775735,4.17377257816894
"","Egypt",8,2020-04-07,0.09719275,10.288833272029,2.85144227144293
"","Egypt",9,2020-04-14,0.09842844,10.1596652349666,2.88769496210555
"","Egypt",10,2020-04-21,0.07569398,13.2110902346527,2.22071105371292
"","Estonia",1,2020-03-30,0,Inf,0
"","Estonia",2,2020-04-06,0,Inf,0
"","Estonia",3,2020-04-13,0,Inf,0
"","Estonia",4,2020-04-20,0,Inf,0
"","Estonia",5,2020-04-27,0,Inf,0
"","Finland",1,2020-01-13,0.02804405,35.6581877439243,0.872171605148677
"","Finland",2,2020-01-20,0.03162526,31.6202933983784,0.98354744687177
"","Finland",3,2020-01-27,0.04402801,22.7128139563882,1.36927370166584
"","Finland",4,2020-02-03,0.06205729,16.1141422707953,1.92998537053232
"","Finland",5,2020-02-10,0.08238699,12.1378387534245,2.56224023675853
"","Finland",6,2020-02-17,0.1120292,8.92624422918311,3.48411471194503
"","Finland",7,2020-02-24,0.148925,6.71478932348498,4.63157626294229
"","Finland",8,2020-03-02,0.20706,4.82951801410219,6.43957818368192
"","Finland",9,2020-03-09,0.2453465,4.07586821087727,7.63029058650979
"","Finland",10,2020-03-16,0.2485776,4.02288862713294,7.73077798663195
"","Finland",11,2020-03-23,0.1656173,6.03801655986422,5.15070777513911
"","Finland",12,2020-03-30,0.08363072,11.9573285988689,2.60092031294123
"","Finland",13,2020-04-06,0.1093607,9.14405266242809,3.401124204927
"","Finland",14,2020-04-13,0.01260766,79.3168597503423,0.392098967851247
"","France",1,2020-01-23,0.06046576,16.5382854693301,1.61809221925924
"","France",2,2020-01-30,0.06921902,14.446896243258,1.85233357997567
"","France",3,2020-02-06,0.07171072,13.9449164643724,1.91901264566059
"","France",4,2020-02-13,0.09121706,10.9628615524333,2.44101149228429
"","France",5,2020-02-20,0.1276285,7.83524056147334,3.41539877784929
"","France",6,2020-02-27,0.2205529,4.53405962923181,5.90209949275527
"","France",7,2020-03-05,0.3371642,2.96591393748209,9.02267280908679
"","France",8,2020-03-12,0.2608097,3.83421322136408,6.97939042323023
"","France",9,2020-03-19,0.1338104,7.47326067331089,3.58082933375793
"","France",10,2020-03-26,0.1714993,5.83092758979191,4.5894020506549
"","France",11,2020-04-02,0.05232428,19.1115864375009,1.40022237951432
"","France",12,2020-04-09,0.1138263,8.78531587163951,3.04604540449121
"","France",13,2020-04-16,0.06684671,14.9595993579938,1.78884944692796
"","France",14,2020-04-23,0.03599576,27.7810497680838,0.963263492964003
"","Germany",1,2020-01-16,0.2416946,4.13745280200716,4.47765927864168
"","Germany",2,2020-01-23,0.2451611,4.07895053497476,4.54188001791104
"","Germany",3,2020-01-30,0.1362288,7.34059171041659,2.52378890690244
"","Germany",4,2020-02-06,0.06816326,14.6706598246621,1.26279963888918
"","Germany",5,2020-02-13,0.08038931,12.4394648990021,1.48930071182849
"","Germany",6,2020-02-20,0.0644952,15.5050298316774,1.19484477811193
"","Germany",7,2020-02-27,0.05417224,18.4596391066716,1.00360054829857
"","Germany",8,2020-03-05,0.1479278,6.76005456716047,2.74052579676605
"","Germany",9,2020-03-12,0.4303418,2.32373429678456,7.97255691172812
"","Germany",10,2020-03-19,0.2790193,3.58398146651504,5.16914054995481
"","Germany",11,2020-03-26,0.1461456,6.842491323721,2.70750857434405
"","Germany",12,2020-04-02,0.09510856,10.5143007106826,1.76199106708321
"","Germany",13,2020-04-09,0.03558997,28.0978039599359,0.659343483044632
"","Germany",14,2020-04-16,0.02337757,42.7760455855763,0.433095291423952
"","Ghana",1,2020-03-17,0.1722592,5.80520517917185,16.739226975682
"","Ghana",2,2020-03-24,0.1675864,5.96707131366268,16.2851492845517
"","Ghana",3,2020-03-31,0.07960066,12.5627099071792,7.73516604717829
"","Ghana",4,2020-04-07,0.1322386,7.56208852785798,12.8502392925686
"","Ghana",5,2020-04-14,0.0901577,11.0916760298899,8.76104268396375
"","Ghana",6,2020-04-21,0.08193073,12.205432564802,7.96158977722712
"","Greece",1,2020-01-17,0.01140415,87.6873769636492,0.973612743880211
"","Greece",2,2020-01-24,0.009950634,100.496109092144,0.849520926337142
"","Greece",3,2020-01-31,0.01172787,85.2669751625828,1.00124986873817
"","Greece",4,2020-02-07,0.01700343,58.8116632938178,1.4516431419856
"","Greece",5,2020-02-14,0.02996614,33.3709980664844,2.55831568235235
"","Greece",6,2020-02-21,0.05338553,18.7316675511136,4.55771209137019
"","Greece",7,2020-02-28,0.09997735,10.0022655131387,8.53542105806853
"","Greece",8,2020-03-06,0.1948633,5.13180265344988,16.6361712354321
"","Greece",9,2020-03-13,0.2006367,4.98413301255453,17.1290668756611
"","Greece",10,2020-03-20,0.09528044,10.4953335647904,8.13442918819147
"","Greece",11,2020-03-27,0.1033896,9.67215271168473,8.82673694617112
"","Greece",12,2020-04-03,0.03145756,31.7888609288197,2.68564349884703
"","Greece",13,2020-04-10,0.03691293,27.0907782178223,3.15138778970446
"","Greece",14,2020-04-17,0.006888172,145.176398034195,0.588067680733666
"Guangdong","China",1,2020-02-09,0.8986171,1.11282102243547,0.898619616134925
"Guangdong","China",2,2020-02-16,1.040883,0.960722770955045,1.04088591448056
"Guangdong","China",3,2020-02-23,0.9473645,1.0555599244008,0.947367152628027
"Guangdong","China",4,2020-03-01,1.013095,0.987074262532141,1.01309783667394
"Guangdong","China",5,2020-03-08,0.7421195,1.34749187967706,0.742121577940418
"Guangdong","China",6,2020-03-15,0.8734734,1.14485455424287,0.873475845732368
"Guangdong","China",7,2020-03-22,1.015893,0.984355635878975,1.01589584450836
"Guangdong","China",8,2020-03-29,1.115594,0.896383451327275,1.11559712367195
"Guangdong","China",9,2020-04-05,1.037289,0.964051484205463,1.03729190441733
"Guangdong","China",10,2020-04-12,0.9808289,1.01954581476953,0.98083164632861
"Guangdong","China",11,2020-04-19,1.012946,0.987219456910832,1.01294883625674
"Guangdong","China",12,2020-04-26,1.016217,0.984041794223084,1.01621984541557
"","Guinea",1,2020-03-15,0.09078441,11.0151071092493,3.74274553617441
"","Guinea",2,2020-03-22,0.1660186,6.02342147205193,6.84440614938098
"","Guinea",3,2020-03-29,0.3771821,2.6512392820338,15.5499894871805
"","Guinea",4,2020-04-05,0.1779759,5.61873826737216,7.33736668301994
"","Guinea",5,2020-04-12,0.1413907,7.0726009560742,5.8290780463471
"","Guinea",6,2020-04-19,0.08875662,11.2667652283289,3.6591463590602
"","Guinea",7,2020-04-26,0.2022162,4.94520221426374,8.33671530048112
"Heilongjiang","China",1,2020-01-25,0.3301291,3.02911800262382,6.68349506465069
"Heilongjiang","China",2,2020-02-01,0.3141725,3.18296477253738,6.36045217825078
"Heilongjiang","China",3,2020-02-08,0.1149184,8.70182668745823,2.32653395061978
"Heilongjiang","China",4,2020-02-15,0.01657699,60.3245824483214,0.335602741023932
"Heilongjiang","China",5,2020-02-22,0.006136315,162.964254605574,0.124230281479706
"Heilongjiang","China",6,2020-02-29,0.004915036,203.457309366605,0.0995053718335659
"Heilongjiang","China",7,2020-03-07,0.005999376,166.684001802854,0.121457938385267
"Heilongjiang","China",8,2020-03-14,0.009534035,104.887385036871,0.193017446413257
"Heilongjiang","China",9,2020-03-21,0.01847055,54.1402394622791,0.373938043530194
"Heilongjiang","China",10,2020-03-28,0.04212466,23.7390640066887,0.852817752843019
"Heilongjiang","China",11,2020-04-04,0.1081141,9.24948734716378,2.18878024920902
"Heilongjiang","China",12,2020-04-11,0.2357586,4.24162681658272,4.77295530611799
"Heilongjiang","China",13,2020-04-18,0.08954183,11.1679647378214,1.81278287459297
"Heilongjiang","China",14,2020-04-25,0.08460722,11.819322275333,1.71288122526555
"Henan","China",1,2020-01-24,0.7148782,1.39883969045356,0.815079789383983
"Henan","China",2,2020-01-31,0.9999401,1.00005990358822,1.14009766433583
"Henan","China",3,2020-02-07,1.227186,0.81487239913102,1.3991957041283
"Henan","China",4,2020-02-14,0.7896157,1.26643885120319,0.900292942840174
"Henan","China",5,2020-02-21,0.9887972,1.01132972463919,1.12739290905706
"Henan","China",6,2020-02-28,0.4828147,2.07118797335707,0.550488886061277
"Henan","China",7,2020-03-06,0.7533118,1.32747157286,0.858900471834879
"Henan","China",8,2020-03-13,0.6764129,1.47838694383268,0.771222963672146
"Henan","China",9,2020-03-20,0.6454654,1.54926972073174,0.735937677616478
"Henan","China",10,2020-03-27,0.8594682,1.16351017989962,0.979936385580412
"Henan","China",11,2020-04-03,0.9471536,1.05579496292893,1.07991229387367
"Henan","China",12,2020-04-10,0.3825211,2.61423487488664,0.436137537307655
"Henan","China",13,2020-04-17,0.473117,2.11364208007744,0.539431898628301
"Henan","China",14,2020-04-24,0.5560378,1.7984388831119,0.633975372187225
"","Honduras",1,2020-02-19,0.01891326,52.872957914183,1.93580221742671
"","Honduras",2,2020-02-26,0.02546268,39.2731637046847,2.6061457625828
"","Honduras",3,2020-03-04,0.04740377,21.0953685751154,4.85185119225272
"","Honduras",4,2020-03-11,0.09777604,10.2274544970322,10.0075330769631
"","Honduras",5,2020-03-18,0.1879787,5.31975165271384,19.2399186755213
"","Honduras",6,2020-03-25,0.2481871,4.02921827927398,25.4023440970359
"","Honduras",7,2020-04-01,0.1236125,8.08979674385681,12.6519358165466
"","Honduras",8,2020-04-08,0.06171225,16.204238218506,6.31634685889114
"","Honduras",9,2020-04-15,0.02229721,44.8486604377857,2.28215487760592
"","Honduras",10,2020-04-22,0.04587676,21.7975288577485,4.6955592920709
"Hong_Kong","China",1,2020-01-26,0.1120608,8.92372711956367,3.47298738006099
"Hong_Kong","China",2,2020-02-02,0.1127939,8.86572766789693,3.49570760915379
"Hong_Kong","China",3,2020-02-09,0.1096585,9.11922012429497,3.39853531847371
"Hong_Kong","China",4,2020-02-16,0.07289508,13.7183469721139,2.25916371209679
"Hong_Kong","China",5,2020-02-23,0.05196025,19.2454809205114,1.61035163513748
"Hong_Kong","China",6,2020-03-01,0.05061783,19.7558844383491,1.56874736568071
"Hong_Kong","China",7,2020-03-08,0.06526657,15.3217795879269,2.02274099372722
"Hong_Kong","China",8,2020-03-15,0.1173782,8.51946954374833,3.63778419656361
"Hong_Kong","China",9,2020-03-22,0.1959961,5.10214233854653,6.07430949842561
"Hong_Kong","China",10,2020-03-29,0.1249796,8.0013058131087,3.87336672203902
"Hong_Kong","China",11,2020-04-05,0.02889602,34.6068420495279,0.895545211117447
"Hong_Kong","China",12,2020-04-12,0.00386591,258.671308954425,0.119812250514467
"Hong_Kong","China",13,2020-04-19,0.002230641,448.301631683449,0.0691320072893164
"Hong_Kong","China",14,2020-04-26,0.00220545,453.422204085334,0.0683512880271738
"Hubei","China",1,2020-01-25,0.9685358,1.03248635724152,0.969097973734563
"Hubei","China",2,2020-02-01,1.087778,0.919305225882487,1.08840938628498
"Hubei","China",3,2020-02-08,1.070464,0.934174339351907,1.07108533660376
"Hubei","China",4,2020-02-15,1.112052,0.899238524817185,1.11269747580571
"Hubei","China",5,2020-02-22,1.060667,0.942802972092089,1.0612826500653
"Hubei","China",6,2020-02-29,1.046145,0.955890435838244,1.04675222096338
"Hubei","China",7,2020-03-07,0.8883775,1.12564759913438,0.888893146914525
"Hubei","China",8,2020-03-14,0.9259349,1.07998953274145,0.926472346608267
"Hubei","China",9,2020-03-21,0.911479,1.0971179807763,0.912008055873212
"Hubei","China",10,2020-03-28,0.9214534,1.08524207518253,0.921988245381146
"Hubei","China",11,2020-04-04,0.9167345,1.09082836960974,0.917266606358348
"Hubei","China",12,2020-04-11,0.9249768,1.08110819644341,0.925513690491854
"Hubei","China",13,2020-04-18,0.9040106,1.10618171955063,0.904535320939677
"Hubei","China",14,2020-04-25,1.108262,0.902313712822419,1.10890527595058
"Hunan","China",1,2020-01-30,0.9948953,1.00513089166267,0.9948953
"Hunan","China",2,2020-02-06,1.193492,0.837877421884688,1.193492
"Hunan","China",3,2020-02-13,1.003772,0.996242174517719,1.003772
"Hunan","China",4,2020-02-20,0.9324387,1.07245655934272,0.9324387
"Hunan","China",5,2020-02-27,1.009684,0.990408880402185,1.009684
"Hunan","China",6,2020-03-05,0.6108829,1.63697494233347,0.6108829
"Hunan","China",7,2020-03-12,0.8102119,1.23424501664318,0.8102119
"Hunan","China",8,2020-03-19,0.6587475,1.51803232649839,0.6587475
"Hunan","China",9,2020-03-26,0.6579828,1.51979656611085,0.6579828
"Hunan","China",10,2020-04-02,0.4554106,2.19582065063923,0.4554106
"Hunan","China",11,2020-04-09,0.4203533,2.37895122983452,0.4203533
"Hunan","China",12,2020-04-16,0.4654464,2.14847509831422,0.4654464
"Hunan","China",13,2020-04-23,0.4622309,2.16342092231393,0.4622309
"","Hungary",1,2020-03-04,0.0652156,15.3337545004569,3.05499120963235
"","Hungary",2,2020-03-11,0.1034658,9.6650294106845,4.84680213779493
"","Hungary",3,2020-03-18,0.1776305,5.62966382462471,8.32100933001612
"","Hungary",4,2020-03-25,0.2119856,4.71730155255829,9.93035630383895
"","Hungary",5,2020-04-01,0.08722494,11.4646109243526,4.08600741173445
"","Hungary",6,2020-04-08,0.1194274,8.37328787196238,5.59451507291578
"","Hungary",7,2020-04-15,0.05215458,19.1737715076988,2.44315445142063
"","Hungary",8,2020-04-22,0.0576943,17.3327347762257,2.70265978302571
"","Iceland",1,2020-03-02,0.2631471,3.8001558823943,5.23866810745729
"","Iceland",2,2020-03-09,0.3185746,3.13898220385429,6.34210522124683
"","Iceland",3,2020-03-16,0.3376381,2.9617510583077,6.72161671678112
"","Iceland",4,2020-03-23,0.1661155,6.01990783521104,3.30698674621275
"","Iceland",5,2020-03-30,0.1069905,9.34662423299265,2.12994070674124
"","Iceland",6,2020-04-06,0.01740943,57.4401344558667,0.346582674519347
"","Iceland",7,2020-04-13,0.004931021,202.797757300162,0.0981655600609018
"","Iceland",8,2020-04-20,0.003701205,270.182278474173,0.0736826839158077
"","Iceland",9,2020-04-27,0.003727725,268.260131849855,0.0742106375896645
"","India",1,2020-01-12,0.02169174,46.1004972399632,0.786646575968406
"","India",2,2020-01-19,0.04020957,24.8697014168518,1.45819194595094
"","India",3,2020-01-26,0.05582109,17.9143760897539,2.02434056997383
"","India",4,2020-02-02,0.06192795,16.1477975615211,2.24580461614618
"","India",5,2020-02-09,0.07444862,13.4320824214069,2.69986418833035
"","India",6,2020-02-16,0.09190789,10.8804586853207,3.33302109341993
"","India",7,2020-02-23,0.10243,9.76276481499561,3.71460329030515
"","India",8,2020-03-01,0.1337809,7.47490860055509,4.85153735546211
"","India",9,2020-03-08,0.1940145,5.1542539346286,7.03589671060147
"","India",10,2020-03-15,0.2544881,3.92945681939548,9.22895961733385
"","India",11,2020-03-22,0.3509193,2.8496580267885,12.7260176355714
"","India",12,2020-03-29,0.2872228,3.48161775457937,10.4160769103842
"","India",13,2020-04-05,0.1963517,5.09290217502573,7.12065479719818
"","India",14,2020-04-12,0.09948807,10.0514564208553,3.6079147922299
"","Indonesia",1,2020-01-17,0.02092552,47.7885376325176,1.1316321867674
"","Indonesia",2,2020-01-24,0.02236223,44.7182593149252,1.20932809487628
"","Indonesia",3,2020-01-31,0.02816164,35.5092956234083,1.52295466283066
"","Indonesia",4,2020-02-07,0.04154771,24.0687152192022,2.24686057610409
"","Indonesia",5,2020-02-14,0.05728833,17.4555620664802,3.09809831030017
"","Indonesia",6,2020-02-21,0.07839671,12.7556373220254,4.2396193916648
"","Indonesia",7,2020-02-28,0.1111328,8.99824354286043,6.00995595261594
"","Indonesia",8,2020-03-06,0.1554329,6.43364435714704,8.40566315783781
"","Indonesia",9,2020-03-13,0.1941811,5.14983178074488,10.5011289001133
"","Indonesia",10,2020-03-20,0.1818248,5.49979980728701,9.83291196742278
"","Indonesia",11,2020-03-27,0.1263054,7.91731786606115,6.83047570633996
"","Indonesia",12,2020-04-03,0.09562827,10.4571587460486,5.17148574070719
"","Indonesia",13,2020-04-10,0.1011011,9.89108921663563,5.46745117338013
"","Indonesia",14,2020-04-17,0.064273,15.5586327073577,3.4758226099089
"","Iran",1,2020-01-28,0.04816477,20.7620632258807,0.653746099085932
"","Iran",2,2020-02-04,0.0627821,15.928106896711,0.852148841724416
"","Iran",3,2020-02-11,0.08575512,11.661111313237,1.1639643493916
"","Iran",4,2020-02-18,0.1296448,7.71338302808905,1.75968414811855
"","Iran",5,2020-02-25,0.2100128,4.76161453016197,2.85052848291633
"","Iran",6,2020-03-03,0.2935111,3.40702617379717,3.98386074849773
"","Iran",7,2020-03-10,0.222896,4.48639724355753,3.02539367470992
"","Iran",8,2020-03-17,0.1203927,8.30615145270436,1.6341043045243
"","Iran",9,2020-03-24,0.1614821,6.19263683095526,2.19181557281815
"","Iran",10,2020-03-31,0.1496462,6.68242828752083,2.03116550734143
"","Iran",11,2020-04-07,0.03190012,31.3478444595193,0.43298408796249
"","Iran",12,2020-04-14,0.03820178,26.1767907149876,0.518517261748348
"","Iran",13,2020-04-21,0.03778057,26.4686318920016,0.512800128781742
"","Iraq",1,2020-02-27,0.1312037,7.62173627725438,1.82195831110338
"","Iraq",2,2020-03-05,0.1988825,5.02809447789524,2.76177900324472
"","Iraq",3,2020-03-12,0.2093484,4.7767262611035,2.90711357451197
"","Iraq",4,2020-03-19,0.1968422,5.08021145872176,2.73344640635801
"","Iraq",5,2020-03-26,0.1922954,5.20033240524734,2.67030733292544
"","Iraq",6,2020-04-02,0.1494035,6.69328362454695,2.07468957455418
"","Iraq",7,2020-04-09,0.05887588,16.9848841325174,0.817579068955567
"","Iraq",8,2020-04-16,0.03049194,32.7955518737083,0.423425890463956
"","Iraq",9,2020-04-23,0.04386589,22.7967562039662,0.609143056632144
"","Ireland",1,2020-03-03,0.05632015,17.7556345286722,1.93379018089062
"","Ireland",2,2020-03-10,0.09475272,10.5537867408978,3.25339828726802
"","Ireland",3,2020-03-17,0.116847,8.55820003936772,4.0120202319512
"","Ireland",4,2020-03-24,0.2165266,4.61837021409841,7.43458625343915
"","Ireland",5,2020-03-31,0.1521118,6.57411193608911,5.22286082756523
"","Ireland",6,2020-04-07,0.1675954,5.96675087741072,5.75450063400818
"","Ireland",7,2020-04-14,0.04654623,21.4840170729187,1.59819607247986
"","Ireland",8,2020-04-21,0.02248712,44.4699009922124,0.772110369956562
"","Israel",1,2020-02-25,0.08135025,12.2925252227252,4.01941418021249
"","Israel",2,2020-03-03,0.1298081,7.70367950844362,6.41365598564775
"","Israel",3,2020-03-10,0.2416586,4.13806916037749,11.9400493988684
"","Israel",4,2020-03-17,0.2994601,3.33934303768682,14.7959492730244
"","Israel",5,2020-03-24,0.249435,4.00906047667729,12.3242716038525
"","Israel",6,2020-03-31,0.1102989,9.06627355304541,5.44973079642459
"","Israel",7,2020-04-07,0.05200062,19.2305399435622,2.56928564334887
"","Israel",8,2020-04-14,0.01900242,52.6248761999787,0.938885822801447
"","Israel",9,2020-04-21,0.01017304,98.2990335239024,0.502637192041436
"","Italy",1,2020-01-03,0.05406362,18.4967266342875,2.07868563273015
"","Italy",2,2020-01-10,0.0846676,11.8108934232221,3.25537438443343
"","Italy",3,2020-01-17,0.06880869,14.5330480786656,2.64561705838386
"","Italy",4,2020-01-24,0.08834153,11.3197043338507,3.396632877791
"","Italy",5,2020-01-31,0.0762191,13.1200709533437,2.9305390225372
"","Italy",6,2020-02-07,0.0856034,11.6817789947596,3.29135484625062
"","Italy",7,2020-02-14,0.1166717,8.57105879146357,4.48589618187243
"","Italy",8,2020-02-21,0.1423487,7.02500268706353,5.47314807125039
"","Italy",9,2020-02-28,0.1318895,7.58210471644824,5.07100354652468
"","Italy",10,2020-03-06,0.1505979,6.64019883411389,5.79032057138112
"","Italy",11,2020-03-13,0.1945636,5.13970753008271,7.48075249071844
"","Italy",12,2020-03-20,0.121611,8.22294035901358,4.67580673439821
"","Italy",13,2020-03-27,0.08933642,11.1936430853173,3.43488528392191
"","Italy",14,2020-04-03,0.03926624,25.4671697621163,1.50974294616849
"","Japan",1,2020-01-24,0.07330086,13.6424047412268,5.93498955114031
"","Japan",2,2020-01-31,0.08324177,12.013199623218,6.73988047573282
"","Japan",3,2020-02-07,0.09525953,10.49763734925,7.71292881415766
"","Japan",4,2020-02-14,0.1038927,9.62531534939413,8.41193526160204
"","Japan",5,2020-02-21,0.105623,9.4676348901281,8.5520333780544
"","Japan",6,2020-02-28,0.09256942,10.8027035277957,7.49511725312798
"","Japan",7,2020-03-06,0.07399765,13.5139426725038,5.99140691608444
"","Japan",8,2020-03-13,0.06132361,16.3069330067163,4.96522120733922
"","Japan",9,2020-03-20,0.06101026,16.3906857633454,4.93985003194169
"","Japan",10,2020-03-27,0.08199696,12.1955740798195,6.63909128522189
"","Japan",11,2020-04-03,0.1206078,8.29133770784311,9.76531561547873
"","Japan",12,2020-04-10,0.1191016,8.39619283032302,9.64336232240785
"","Japan",13,2020-04-17,0.05483282,18.2372527985976,4.43967797594131
"","Japan",14,2020-04-24,0.05078527,19.6907489120369,4.1119578515428
"Jiangsu","China",1,2020-01-30,0.290641,3.44067079317784,4.46488058743763
"Jiangsu","China",2,2020-02-06,0.1568993,6.37351473206063,2.41031595250689
"Jiangsu","China",3,2020-02-13,0.02022977,49.4320993268831,0.310773453715506
"Jiangsu","China",4,2020-02-20,0.005058391,197.691321212615,0.0777079344606206
"Jiangsu","China",5,2020-02-27,0.002812899,355.505121229024,0.0432122726646369
"Jiangsu","China",6,2020-03-05,0.002191665,456.274111235066,0.0336687615053159
"Jiangsu","China",7,2020-03-12,0.001983523,504.153468348993,0.0304712457548524
"Jiangsu","China",8,2020-03-19,0.001913696,522.549036001538,0.029398550516469
"Jiangsu","China",9,2020-03-26,0.001892809,528.315323944466,0.0290776805744105
"Jiangsu","China",10,2020-04-02,0.001887575,529.780273631511,0.028997274902139
"Jiangsu","China",11,2020-04-09,0.001886582,530.059122794557,0.0289820202531964
"Jiangsu","China",12,2020-04-16,0.001886498,530.082724710018,0.0289807298297209
"Jiangsu","China",13,2020-04-23,0.001886436,530.10014651968,0.0289797773742985
"Jiangxi","China",1,2020-01-24,0.5101154,1.96034073858582,8.01046275239419
"Jiangxi","China",2,2020-01-31,0.3813878,2.6220031159885,5.9890228095791
"Jiangxi","China",3,2020-02-07,0.1303237,7.67320142076998,2.04650387854238
"Jiangxi","China",4,2020-02-14,0.01685517,59.3289773998126,0.2646807202258
"Jiangxi","China",5,2020-02-21,0.005022522,199.103159727324,0.0788698506339554
"Jiangxi","China",6,2020-02-28,0.003029273,330.112208440771,0.0475693902464686
"Jiangxi","China",7,2020-03-06,0.002431237,411.313253294516,0.038178289521827
"Jiangxi","China",8,2020-03-13,0.002202136,454.104560299636,0.0345806623436704
"Jiangxi","China",9,2020-03-20,0.002107174,474.56925721369,0.0330894516021541
"Jiangxi","China",10,2020-03-27,0.002068595,483.41990578146,0.0324836364424381
"Jiangxi","China",11,2020-04-03,0.002054514,486.733115471591,0.0322625191697259
"Jiangxi","China",12,2020-04-10,0.00205049,487.688308648177,0.0321993293461769
"Jiangxi","China",13,2020-04-17,0.002049877,487.834148097666,0.0321897032622218
"Jiangxi","China",14,2020-04-24,0.002049819,487.847951453275,0.0321887924745066
"","Kazakhstan",1,2020-03-19,0.1694908,5.90002525210808,6.92247025116249
"","Kazakhstan",2,2020-03-26,0.2437014,4.10338225385656,9.95343518153581
"","Kazakhstan",3,2020-04-02,0.120946,8.26815272931722,4.9397671554863
"","Kazakhstan",4,2020-04-09,0.09499504,10.5268654026568,3.87985860240196
"","Kazakhstan",5,2020-04-16,0.07917022,12.631012014366,3.23352944660117
"","Kazakhstan",6,2020-04-23,0.1033284,9.67788139562792,4.22021593561549
"","Korea,_South",1,2020-02-25,0.7621716,1.31204049061917,0.7621716
"","Korea,_South",2,2020-03-03,1.103352,0.906329077211987,1.103352
"","Korea,_South",3,2020-03-10,1.269483,0.787722245985177,1.269483
"","Korea,_South",4,2020-03-17,1.158871,0.862908813836915,1.158871
"","Korea,_South",5,2020-03-24,0.9434017,1.05999384991568,0.9434017
"","Korea,_South",6,2020-03-31,0.9214192,1.08528235573993,0.9214192
"","Korea,_South",7,2020-04-07,0.9472798,1.05565430615115,0.9472798
"","Korea,_South",8,2020-04-14,0.9911647,1.00891405838,0.9911647
"","Korea,_South",9,2020-04-21,1.061348,0.942198034951778,1.061348
"","Kosovo",1,2020-03-28,0.07647449,13.0762558861131,3.59253921284463
"","Kosovo",2,2020-04-04,0.06609385,15.130000748935,3.10488828173775
"","Kosovo",3,2020-04-11,0.1462523,6.83749930770319,6.87048874361524
"","Kosovo",4,2020-04-18,0.03199922,31.2507617373173,1.50322614286728
"","Kosovo",5,2020-04-25,0.02899703,34.4862904925091,1.36219237723628
"","Kuwait",1,2020-02-22,0.08434118,11.8566043301742,4.71044252631226
"","Kuwait",2,2020-02-29,0.09846987,10.1553906794027,5.49952778949073
"","Kuwait",3,2020-03-07,0.0928446,10.7706856403065,5.18535728547373
"","Kuwait",4,2020-03-14,0.0850349,11.7598774150378,4.74918668651198
"","Kuwait",5,2020-03-21,0.05496922,18.191999086034,3.07002287051491
"","Kuwait",6,2020-03-28,0.08250783,12.1200618171633,4.6080501978481
"","Kuwait",7,2020-04-04,0.1843435,5.42465560217746,10.2955574234229
"","Kuwait",8,2020-04-11,0.08450342,11.8338405711864,4.71950360650427
"","Kuwait",9,2020-04-18,0.07190095,13.9080220775942,4.0156575063599
"","Kuwait",10,2020-04-25,0.05899167,16.9515458707984,3.29467611273851
"","Kyrgyzstan",1,2020-03-20,0.337675,2.96142740801066,9.54377545454289
"","Kyrgyzstan",2,2020-03-27,0.1711093,5.84421770178477,4.83609606095807
"","Kyrgyzstan",3,2020-04-03,0.1464775,6.82698707992695,4.13992261536331
"","Kyrgyzstan",4,2020-04-10,0.1179404,8.47885881343458,3.33337290181082
"","Kyrgyzstan",5,2020-04-17,0.02138714,46.7570699027547,0.604468976900488
"","Kyrgyzstan",6,2020-04-24,0.01287116,77.6930750608337,0.363780146233788
"","Latvia",1,2020-03-05,0.1780971,5.61491456065259,24.8863780703423
"","Latvia",2,2020-03-12,0.2509435,3.98496075809893,35.0655615127643
"","Latvia",3,2020-03-19,0.2034766,4.91457002918272,28.4327796245296
"","Latvia",4,2020-03-26,0.1226456,8.15357420078666,17.1378690066484
"","Latvia",5,2020-04-02,0.05727013,17.4611093077665,8.0026351204913
"","Latvia",6,2020-04-09,0.02708538,36.9202868853972,3.78477250252187
"","Latvia",7,2020-04-16,0.005915462,169.048503734789,0.826596411691953
"","Latvia",8,2020-04-23,0.003828042,261.230153692149,0.534911014728197
"","Lebanon",1,2020-02-09,0.02754394,36.3056265733951,2.99076849040892
"","Lebanon",2,2020-02-16,0.04915828,20.3424529906254,5.33769079030448
"","Lebanon",3,2020-02-23,0.06433306,15.5441074930992,6.98539456372569
"","Lebanon",4,2020-03-01,0.1092615,9.15235467204825,11.8638020346695
"","Lebanon",5,2020-03-08,0.1921144,5.20523188266991,20.8601127534338
"","Lebanon",6,2020-03-15,0.1397607,7.15508723124598,15.1754577506883
"","Lebanon",7,2020-03-22,0.1301286,7.68470574493232,14.129587727138
"","Lebanon",8,2020-03-29,0.03720108,26.88094001572,4.03935740032768
"","Lebanon",9,2020-04-05,0.03132701,31.9213356142192,3.40154075294694
"","Lebanon",10,2020-04-12,0.02419418,41.3322542859481,2.6270457746888
"","Lebanon",11,2020-04-19,0.005000618,199.975283055014,0.542975723406734
"","Lebanon",12,2020-04-26,0.004495456,222.446844102133,0.488124362557417
"","Lithuania",1,2020-02-20,0.02349073,42.569983989429,1.73919607067921
"","Lithuania",2,2020-02-27,0.04123002,24.2541720814106,3.05256962120909
"","Lithuania",3,2020-03-05,0.0828452,12.0707053637386,6.13365554474607
"","Lithuania",4,2020-03-12,0.1733848,5.76751825996281,12.8369856056197
"","Lithuania",5,2020-03-19,0.3486273,2.86839269328592,25.8115107658
"","Lithuania",6,2020-03-26,0.1492106,6.70193672567499,11.0471870914053
"","Lithuania",7,2020-04-02,0.09487802,10.5398489555326,7.02453604369992
"","Lithuania",8,2020-04-09,0.02383509,41.9549496142033,1.76469164101266
"","Lithuania",9,2020-04-16,0.02224083,44.9623507755781,1.64665653832998
"","Lithuania",10,2020-04-23,0.009038213,110.641340273791,0.669167136805102
"","Luxembourg",1,2020-03-03,0.2097067,4.76856485748906,14.0025052799844
"","Luxembourg",2,2020-03-10,0.2330269,4.29135005443578,15.5596382835093
"","Luxembourg",3,2020-03-17,0.2652167,3.77050163130753,17.7090109285494
"","Luxembourg",4,2020-03-24,0.1646641,6.07296915356778,10.9949273422064
"","Luxembourg",5,2020-03-31,0.05350998,18.6881026679509,3.57296060393807
"","Luxembourg",6,2020-04-07,0.03574787,27.9736946564928,2.38695157771877
"","Luxembourg",7,2020-04-14,0.01583156,63.164969213394,1.05710262233105
"","Luxembourg",8,2020-04-21,0.008201466,121.929420910847,0.547627095217332
"","Malaysia",1,2020-01-28,0.03438082,29.0859845693035,0.77439511678717
"","Malaysia",2,2020-02-04,0.05301966,18.8609281915425,1.19421717683627
"","Malaysia",3,2020-02-11,0.07700072,12.9868915511439,1.73436763745298
"","Malaysia",4,2020-02-18,0.1008246,9.91821440402441,2.27097776876816
"","Malaysia",5,2020-02-25,0.1440669,6.941219669473,3.24496925467937
"","Malaysia",6,2020-03-03,0.2397861,4.17038352097974,5.40095276707886
"","Malaysia",7,2020-03-10,0.3392893,2.94733727235135,7.64216726355384
"","Malaysia",8,2020-03-17,0.2446842,4.08690058450852,5.5112777890398
"","Malaysia",9,2020-03-24,0.1250211,7.99864982790905,2.81598080951416
"","Malaysia",10,2020-03-31,0.08094279,12.3544048827573,1.82315899722954
"","Malaysia",11,2020-04-07,0.04504901,22.1980460835876,1.0146859022006
"","Malaysia",12,2020-04-14,0.02425457,41.2293435834979,0.546311012005316
"","Malaysia",13,2020-04-21,0.01940219,51.5405735125777,0.437015789355137
"","Mexico",1,2020-02-26,0.1468607,6.80917359102878,2.61119112135242
"","Mexico",2,2020-03-04,0.1658041,6.03121394464914,2.94800578918546
"","Mexico",3,2020-03-11,0.212583,4.70404500830264,3.77973713968721
"","Mexico",4,2020-03-18,0.2662366,3.75605758186515,4.73370102484229
"","Mexico",5,2020-03-25,0.212717,4.70108171890352,3.78211966687291
"","Mexico",6,2020-04-01,0.1649318,6.06311214696014,2.93249624840868
"","Mexico",7,2020-04-08,0.138722,7.20866192817289,2.46648459891755
"","Mexico",8,2020-04-15,0.1173138,8.52414634936384,2.0858456549105
"","Mexico",9,2020-04-22,0.1977413,5.05711250001896,3.51585091780637
"","Moldova",1,2020-03-11,0.1065366,9.38644559709996,5.79322832975799
"","Moldova",2,2020-03-18,0.1945985,5.13878575631364,10.5818427012727
"","Moldova",3,2020-03-25,0.1787037,5.59585503825606,9.71751808742323
"","Moldova",4,2020-04-01,0.1840303,5.43388778913038,10.0071669970119
"","Moldova",5,2020-04-08,0.1183064,8.45262809112609,6.43324442559347
"","Moldova",6,2020-04-15,0.05079362,19.6875119355541,2.7620464549738
"","Moldova",7,2020-04-22,0.04641281,21.5457758321463,2.52382754617357
"","Morocco",1,2020-02-14,0.02568051,38.9400366269984,1.51777409374197
"","Morocco",2,2020-02-21,0.03469765,28.8203956175706,2.05070671430302
"","Morocco",3,2020-02-28,0.050442,19.8247492169224,2.98123210312148
"","Morocco",4,2020-03-06,0.08397558,11.9082237955368,4.96313974414667
"","Morocco",5,2020-03-13,0.1457416,6.86145891083946,8.61364610206355
"","Morocco",6,2020-03-20,0.2366547,4.22556577156507,13.9868083936914
"","Morocco",7,2020-03-27,0.1720793,5.81127422066454,10.1702615566923
"","Morocco",8,2020-04-03,0.1006884,9.93163065457391,5.95090382006933
"","Morocco",9,2020-04-10,0.08055713,12.4135504827444,4.76110190102158
"","Morocco",10,2020-04-17,0.09843548,10.1589386266009,5.81775133940313
"","Morocco",11,2020-04-24,0.03590017,27.855021299342,2.12177826635579
"","Netherlands",1,2020-01-20,0.01137694,87.8970971104708,1.34557847346942
"","Netherlands",2,2020-01-27,0.01328832,75.2540576987911,1.57164205318593
"","Netherlands",3,2020-02-03,0.02044791,48.9047535909538,2.41842424443129
"","Netherlands",4,2020-02-10,0.02856258,35.0108428580331,3.37816607934543
"","Netherlands",5,2020-02-17,0.03731223,26.8008639526504,4.41300854932345
"","Netherlands",6,2020-02-24,0.04412106,22.6649133089731,5.21830549889977
"","Netherlands",7,2020-03-02,0.06485971,15.4178919393873,7.67111627304612
"","Netherlands",8,2020-03-09,0.1298805,7.69938520409145,15.3612838710097
"","Netherlands",9,2020-03-16,0.2210123,4.52463505424811,26.139664378292
"","Netherlands",10,2020-03-23,0.1512946,6.60962122904585,17.8939817659377
"","Netherlands",11,2020-03-30,0.07793998,12.830385637769,9.21815174472549
"","Netherlands",12,2020-04-06,0.06241285,16.0223415530616,7.38172016622009
"","Netherlands",13,2020-04-13,0.04545185,22.0013046773674,5.37570128165932
"","Netherlands",14,2020-04-20,0.03453267,28.9580851987408,4.08426320112643
"New_South_Wales","Australia",1,2019-04-17,0.02745133,36.4281074906025,2.22584006188265
"New_South_Wales","Australia",2,2019-04-24,0.02534412,39.4568838847038,2.0549808562704
"New_South_Wales","Australia",3,2019-05-01,0.02334788,42.8304411364115,1.89311944681838
"New_South_Wales","Australia",4,2019-05-08,0.02229368,44.8557618123163,1.80764159954334
"New_South_Wales","Australia",5,2019-05-15,0.02197941,45.4971266289677,1.78215960081148
"New_South_Wales","Australia",6,2019-05-22,0.02330185,42.9150475176864,1.88938718983671
"New_South_Wales","Australia",7,2019-05-29,0.02286131,43.7420252820158,1.85366682288685
"New_South_Wales","Australia",8,2019-06-05,0.02129235,46.9652245994453,1.72645061793462
"New_South_Wales","Australia",9,2019-06-12,0.02754294,36.3069447197721,2.23326808843252
"New_South_Wales","Australia",10,2019-06-19,0.02912547,34.3342098857117,2.36158459160854
"New_South_Wales","Australia",11,2019-06-26,0.03458809,28.9116860745997,2.80451097946813
"New_South_Wales","Australia",12,2019-07-03,0.04030751,24.8092725152211,3.26825951794451
"New_South_Wales","Australia",13,2019-07-10,0.0526694,18.9863564042879,4.27060038822608
"New_South_Wales","Australia",14,2019-07-17,0.06996637,14.292580849914,5.67309304614766
"","New_Zealand",1,2020-03-01,0.1229373,8.13422777301925,2.37098768444072
"","New_Zealand",2,2020-03-08,0.1903895,5.25239049422368,3.67188119266347
"","New_Zealand",3,2020-03-15,0.3149557,3.17504969746539,6.07428409314672
"","New_Zealand",4,2020-03-22,0.3635835,2.75039983937665,7.01212732641642
"","New_Zealand",5,2020-03-29,0.2076631,4.81549201567346,4.00502250019141
"","New_Zealand",6,2020-04-05,0.06439219,15.5298336646106,1.24187768451208
"","New_Zealand",7,2020-04-12,0.005300598,188.657958969912,0.102228148643017
"","New_Zealand",8,2020-04-19,0.003283311,304.570599617277,0.0633224411564981
"","New_Zealand",9,2020-04-26,0.003318868,301.307554262477,0.0640081989297342
"","Niger",1,2020-03-22,0.2778541,3.59901113570035,9.97138718843688
"","Niger",2,2020-03-29,0.383126,2.61010737981761,13.7492939206478
"","Niger",3,2020-04-05,0.2066392,4.83935284302301,7.41568856284232
"","Niger",4,2020-04-12,0.06222529,16.0706362316672,2.23308729114585
"","Niger",5,2020-04-19,0.00729,137.174211248285,0.261617203430523
"","Niger",6,2020-04-26,0.005999436,166.682334806138,0.215302560834074
"","Nigeria",1,2020-03-01,0.07041336,14.2018503306759,2.12043023316392
"","Nigeria",2,2020-03-08,0.1161921,8.6064370985635,3.49901271143439
"","Nigeria",3,2020-03-15,0.2077447,4.81360053950835,6.25603071149522
"","Nigeria",4,2020-03-22,0.3044892,3.28418873313076,9.16939775849208
"","Nigeria",5,2020-03-29,0.1626041,6.14990642917368,4.89666520212087
"","Nigeria",6,2020-04-05,0.07031628,14.2214576766575,2.11750676285892
"","Nigeria",7,2020-04-12,0.07502105,13.3295921611334,2.25918636099317
"","Nigeria",8,2020-04-19,0.1792998,5.57725106218746,5.39944005967397
"","Nigeria",9,2020-04-26,0.2148343,4.65475019584861,6.46952715849106
"","North_Macedonia",1,2020-02-25,0.03728727,26.8188043801544,2.30099871519708
"","North_Macedonia",2,2020-03-03,0.06141441,16.2828235262701,3.78988535509805
"","North_Macedonia",3,2020-03-10,0.1266799,7.89391213602158,7.81742098955743
"","North_Macedonia",4,2020-03-17,0.2908227,3.43852113332281,17.9466788276574
"","North_Macedonia",5,2020-03-24,0.1463963,6.83077372857101,9.03412071223253
"","North_Macedonia",6,2020-03-31,0.1141937,8.75705052030016,7.04689715775923
"","North_Macedonia",7,2020-04-07,0.07695977,12.9938018265907,4.74919005579821
"","North_Macedonia",8,2020-04-14,0.06639202,15.0620511320487,4.09705383953663
"","North_Macedonia",9,2020-04-21,0.008314532,120.271351412202,0.513090055921633
"","Norway",1,2020-01-20,0.001406439,711.015550621108,1.14765721709002
"","Norway",2,2020-01-27,0.001593866,627.405315126868,1.30059804795971
"","Norway",3,2020-02-03,0.002448411,408.428160141414,1.99790858654559
"","Norway",4,2020-02-10,0.005639502,177.320621572614,4.60184563361341
"","Norway",5,2020-02-17,0.01367325,73.1355018009617,11.1574010985021
"","Norway",6,2020-02-24,0.03208469,31.1675132282718,26.1811753205052
"","Norway",7,2020-03-02,0.1012702,9.87457317157466,82.6366987165103
"","Norway",8,2020-03-09,0.238871,4.186360001842,194.919244349389
"","Norway",9,2020-03-16,0.1090767,9.16786078053333,89.0068193297848
"","Norway",10,2020-03-23,0.09420527,10.6151173920525,76.8717008013957
"","Norway",11,2020-03-30,0.05047462,19.81193716763,41.1873973367323
"","Norway",12,2020-04-06,0.0232524,43.0063133267964,18.9740078842126
"","Norway",13,2020-04-13,0.01270989,78.6788870714066,10.3712972883433
"","Norway",14,2020-04-20,0.0118191,84.6088111615944,9.64441075262324
"","Oman",1,2020-02-28,0.09302378,10.7499394240913,4.44507955136243
"","Oman",2,2020-03-06,0.1093582,9.14426170145449,5.22560896357687
"","Oman",3,2020-03-13,0.1345657,7.43131422048858,6.43013261108903
"","Oman",4,2020-03-20,0.1620292,6.17172707141676,7.74245772041959
"","Oman",5,2020-03-27,0.1304569,7.66536687595673,6.2337963316921
"","Oman",6,2020-04-03,0.09930383,10.0701050503289,4.74516757010918
"","Oman",7,2020-04-10,0.1449908,6.89698932621932,6.92828909140952
"","Oman",8,2020-04-17,0.1090667,9.16870135430888,5.2116798296584
"","Oman",9,2020-04-24,0.06527975,15.3186861162918,3.11934950227836
"","Pakistan",1,2020-02-20,0.03823191,26.1561611753114,1.7043704687431
"","Pakistan",2,2020-02-27,0.05357847,18.6642134424518,2.38851687055233
"","Pakistan",3,2020-03-05,0.0892028,11.2104104355469,3.97664197392172
"","Pakistan",4,2020-03-12,0.1690159,5.91660311248823,7.53469310604774
"","Pakistan",5,2020-03-19,0.2609262,3.83250129730169,11.6320348578284
"","Pakistan",6,2020-03-26,0.112409,8.89608483306497,5.0111694660545
"","Pakistan",7,2020-04-02,0.1288893,7.75859594240949,5.74585775748506
"","Pakistan",8,2020-04-09,0.05247591,19.0563631959884,2.33936497874213
"","Pakistan",9,2020-04-16,0.08738351,11.4438067319566,3.89553841016883
"","Pakistan",10,2020-04-23,0.09741161,10.2657167867362,4.34258898905967
"","Panama",1,2020-03-19,0.08377539,11.93667973375,16.7255139814863
"","Panama",2,2020-03-26,0.18184,5.4993400791905,36.3038293512388
"","Panama",3,2020-04-02,0.09823868,10.1792898683085,19.6130679411073
"","Panama",4,2020-04-09,0.08516279,11.7422174637538,17.0025043732698
"","Panama",5,2020-04-16,0.03615897,27.6556550145095,7.21903363614475
"","Panama",6,2020-04-23,0.05149244,19.4203265566751,10.2803165125324
"","Peru",1,2020-03-17,0.08773029,11.3985716905757,1.226444391073
"","Peru",2,2020-03-24,0.1400083,7.14243369857358,1.95727603588984
"","Peru",3,2020-03-31,0.1509986,6.62257795767643,2.11091729013863
"","Peru",4,2020-04-07,0.3208196,3.11701654138338,4.48496635502156
"","Peru",5,2020-04-14,0.1033737,9.67364039402672,1.44513479380341
"","Peru",6,2020-04-21,0.1841213,5.43120214771458,2.57396317351817
"","Philippines",1,2020-01-25,0.1065788,9.38272902303272,9.49063615048767
"","Philippines",2,2020-02-01,0.1653847,6.04650853434447,14.7271878887505
"","Philippines",3,2020-02-08,0.07104784,14.0750232519384,6.32667283472946
"","Philippines",4,2020-02-15,0.1069712,9.34831057331319,9.52557861207901
"","Philippines",5,2020-02-22,0.1806624,5.53518607081496,16.0876375458709
"","Philippines",6,2020-02-29,0.2034349,4.9155774156745,18.1154846574633
"","Philippines",7,2020-03-07,0.09364801,10.6782835000979,8.33917429289156
"","Philippines",8,2020-03-14,0.1959103,5.10437685001758,17.4454335705871
"","Philippines",9,2020-03-21,0.1754467,5.69973672916048,15.6231895414826
"","Philippines",10,2020-03-28,0.2102077,4.75719966490286,18.7185894073762
"","Philippines",11,2020-04-04,0.06744487,14.8269245681695,6.0058353198473
"","Philippines",12,2020-04-11,0.05293005,18.8928595382018,4.71331865227531
"","Philippines",13,2020-04-18,0.0318389,31.4081202554108,2.8351925085642
"","Philippines",14,2020-04-25,0.04332723,23.0801738306372,3.8582060910659
"","Poland",1,2020-03-16,0.1001321,9.98680742738842,7.73377316491831
"","Poland",2,2020-03-23,0.1762541,5.67362688300584,13.61310937039
"","Poland",3,2020-03-30,0.1386345,7.21321171858376,10.7075331070842
"","Poland",4,2020-04-06,0.0874771,11.4315632319773,6.75635533984482
"","Poland",5,2020-04-13,0.05337284,18.7361212182076,4.12228883372543
"","Poland",6,2020-04-20,0.03793215,26.362861055859,2.92971628236755
"","Poland",7,2020-04-27,0.01355698,73.7627406693821,1.04708288472262
"","Portugal",1,2020-01-13,0.007156832,139.72662764754,1.51081662009068
"","Portugal",2,2020-01-20,0.01023393,97.7141723658458,2.16039604294814
"","Portugal",3,2020-01-27,0.01742886,57.3760991826201,3.67925520079746
"","Portugal",4,2020-02-03,0.02494467,40.0887243647641,5.26585254742285
"","Portugal",5,2020-02-10,0.03803488,26.2916565005595,8.02921304386559
"","Portugal",6,2020-02-17,0.07519825,13.2981818060926,15.8744491839034
"","Portugal",7,2020-02-24,0.1134519,8.81430809003639,23.9498448616463
"","Portugal",8,2020-03-02,0.1320615,7.57222960514609,27.8783558247707
"","Portugal",9,2020-03-09,0.1356035,7.37444092519736,28.626076669463
"","Portugal",10,2020-03-16,0.2107811,4.74425837990218,44.4961666112878
"","Portugal",11,2020-03-23,0.2471473,4.04617003705887,52.1731191189813
"","Portugal",12,2020-03-30,0.1041023,9.60593569978761,21.976132041337
"","Portugal",13,2020-04-06,0.07199088,13.8906483710159,15.1973691710178
"","Portugal",14,2020-04-13,0.03028852,33.0158092901205,6.39394628991556
"","Qatar",1,2020-01-01,0.01274284,78.4754418952133,1.31617196240677
"","Qatar",2,2020-01-08,0.01696966,58.9286998089532,1.75274826518859
"","Qatar",3,2020-01-15,0.01975738,50.6139984147696,2.04068399247078
"","Qatar",4,2020-01-22,0.02860837,34.9548051846365,2.95487775756103
"","Qatar",5,2020-01-29,0.04083179,24.4907215676805,4.21740029482292
"","Qatar",6,2020-02-05,0.05592089,17.8824049474177,5.77591082763601
"","Qatar",7,2020-02-12,0.07774969,12.8617876161307,8.03054594296234
"","Qatar",8,2020-02-19,0.1083999,9.22510076116306,11.1963195887022
"","Qatar",9,2020-02-26,0.1653802,6.04667306001565,17.0816538838457
"","Qatar",10,2020-03-04,0.2275836,4.39398972509443,23.506467429835
"","Qatar",11,2020-03-11,0.2102777,4.75561602585533,21.7189898844671
"","Qatar",12,2020-03-18,0.08825426,11.330897794622,9.1155333171379
"","Qatar",13,2020-03-25,0.06628288,15.0868519895333,6.84617151620617
"","Qatar",14,2020-04-01,0.1003535,9.9647745220645,10.3652296528394
"Queensland","Australia",1,2020-01-31,0.06734568,14.8487623853527,1.96189684916925
"Queensland","Australia",2,2020-02-07,0.07866265,12.7125134991003,2.29157987835751
"Queensland","Australia",3,2020-02-14,0.1093167,9.14773314598776,3.18458569713128
"Queensland","Australia",4,2020-02-21,0.1535249,6.51360137671479,4.47244749149499
"Queensland","Australia",5,2020-02-28,0.2066242,4.83970415856419,6.01932250059866
"Queensland","Australia",6,2020-03-06,0.2707882,3.69292310373938,7.888531474806
"Queensland","Australia",7,2020-03-13,0.360231,2.77599651334838,10.4941558816109
"Queensland","Australia",8,2020-03-20,0.2686808,3.72188857558858,7.82713924563942
"Queensland","Australia",9,2020-03-27,0.1355573,7.37695424739206,3.9490200373935
"Queensland","Australia",10,2020-04-03,0.01266768,78.9410531368017,0.3690315619099
"Queensland","Australia",11,2020-04-10,0.003981765,251.144906844075,0.115995743270131
"Queensland","Australia",12,2020-04-17,0.002844676,351.533882944842,0.082870362008482
"Queensland","Australia",13,2020-04-24,0.00281192,355.628894136391,0.0819161227285254
"","Romania",1,2020-02-13,0.04053913,24.6675249320841,1.68096373452311
"","Romania",2,2020-02-20,0.04602513,21.7272607377752,1.9084419030875
"","Romania",3,2020-02-27,0.06153139,16.251867542729,2.55141230521715
"","Romania",4,2020-03-05,0.09502356,10.5237059104079,3.94017232943284
"","Romania",5,2020-03-12,0.1525607,6.55476803659134,6.32596220031016
"","Romania",6,2020-03-19,0.2406487,4.15543487249256,9.97855004436778
"","Romania",7,2020-03-26,0.1958546,5.10582850747442,8.12115306469403
"","Romania",8,2020-04-02,0.1179274,8.47979350006869,4.88988497549406
"","Romania",9,2020-04-09,0.08268889,12.0935230839355,3.42871258800992
"","Romania",10,2020-04-16,0.04940065,20.2426486291172,2.04840856505478
"","Romania",11,2020-04-23,0.04609149,21.6959790191205,1.9111935347437
"","Russia",1,2020-01-28,0.2200451,4.5445229182563,18.0419257612132
"","Russia",2,2020-02-04,0.1915154,5.22151221259491,15.702720164771
"","Russia",3,2020-02-11,0.1372991,7.28336893686849,11.2574202710326
"","Russia",4,2020-02-18,0.08591997,11.6387377695779,7.0447454642056
"","Russia",5,2020-02-25,0.09001114,11.1097359726807,7.38018845028664
"","Russia",6,2020-03-03,0.1122087,8.91196493676515,9.2002095714117
"","Russia",7,2020-03-10,0.07126827,14.0314897499266,5.84342408201818
"","Russia",8,2020-03-17,0.07234777,13.8221261000857,5.93193438676584
"","Russia",9,2020-03-24,0.1123649,8.89957629117278,9.21301671323809
"","Russia",10,2020-03-31,0.1861741,5.37131641834176,15.264776588348
"","Russia",11,2020-04-07,0.1753907,5.70155658196244,14.3806246474346
"","Russia",12,2020-04-14,0.1534527,6.51666604758339,12.5818853555827
"","Russia",13,2020-04-21,0.1087572,9.19479354010585,8.91721437286001
"","San_Marino",1,2020-03-01,0.1777565,5.62567332277582,13.3350312527194
"","San_Marino",2,2020-03-08,0.1995224,5.01196858097136,14.9678770656352
"","San_Marino",3,2020-03-15,0.08981144,11.1344389979717,6.73752216797549
"","San_Marino",4,2020-03-22,0.08468364,11.8086563118921,6.35284215201155
"","San_Marino",5,2020-03-29,0.01946492,51.3744726410383,1.46022967673015
"","San_Marino",6,2020-04-05,0.0358725,27.8765070736637,2.69110220224395
"","San_Marino",7,2020-04-12,0.06215665,16.0883831416268,4.66290048642015
"","San_Marino",8,2020-04-19,0.04433809,22.5539710889666,3.32617831604406
"","San_Marino",9,2020-04-26,0.04036482,24.7740482925478,3.02810944303243
"","Saudi_Arabia",1,2020-03-02,0.08931369,11.1964918256093,4.68322743940135
"","Saudi_Arabia",2,2020-03-09,0.1232037,8.11663935417524,6.46027443805952
"","Saudi_Arabia",3,2020-03-16,0.1774978,5.63387264518208,9.30722454075488
"","Saudi_Arabia",4,2020-03-23,0.1876003,5.33048188089251,9.83695637925077
"","Saudi_Arabia",5,2020-03-30,0.08043748,12.4320155231119,4.21779699721619
"","Saudi_Arabia",6,2020-04-06,0.09890986,10.1102155032875,5.18640950093257
"","Saudi_Arabia",7,2020-04-13,0.1253623,7.97687981155419,6.57346217837897
"","Saudi_Arabia",8,2020-04-20,0.1318702,7.58321440325411,6.91470858587686
"","Saudi_Arabia",9,2020-04-27,0.05217948,19.1646218015204,2.73606848524223
"","Senegal",1,2019-12-31,0.01426855,70.0842061737177,0.224243658657981
"","Senegal",2,2020-01-07,0.01902838,52.5530812397062,0.29904885566749
"","Senegal",3,2020-01-14,0.02963651,33.7421646475918,0.465765577599255
"","Senegal",4,2020-01-21,0.04716848,21.2005983656883,0.741296945277258
"","Senegal",5,2020-01-28,0.07517805,13.3017549670416,1.18149363339461
"","Senegal",6,2020-02-04,0.1085607,9.21143655116446,1.70613331799458
"","Senegal",7,2020-02-11,0.144189,6.93534180832102,2.26606550057544
"","Senegal",8,2020-02-18,0.1817407,5.50234482424685,2.85622571985679
"","Senegal",9,2020-02-25,0.2253886,4.4367816295944,3.54219344529054
"","Senegal",10,2020-03-03,0.2894605,3.45470280055483,4.54914350490895
"","Senegal",11,2020-03-10,0.3602865,2.77556888753811,5.66224058682058
"","Senegal",12,2020-03-17,0.4221658,2.36873759077595,6.63473187901179
"","Senegal",13,2020-03-24,0.3117368,3.20783430124387,4.89923647254496
"","Senegal",14,2020-03-31,0.0809886,12.3474167969319,1.27281188162692
"","Serbia",1,2020-03-02,0.03485475,28.690494122035,3.38951445622968
"","Serbia",2,2020-03-09,0.04809147,20.7937083229105,4.67674370885851
"","Serbia",3,2020-03-16,0.09518511,10.5058448742666,9.25645159878675
"","Serbia",4,2020-03-23,0.1709817,5.84857911694643,16.6274308064389
"","Serbia",5,2020-03-30,0.1792524,5.57872586364255,17.4317302839316
"","Serbia",6,2020-04-06,0.1167889,8.56245756231971,11.3573520073207
"","Serbia",7,2020-04-13,0.08880341,11.2608288352891,8.63585141071135
"","Serbia",8,2020-04-20,0.01766712,56.6023211479856,1.71807167286939
"","Serbia",9,2020-04-27,0.01886095,53.0195986946575,1.83416787333793
"Shandong","China",1,2020-02-05,0.7977559,1.2535162698264,0.797756697756698
"Shandong","China",2,2020-02-12,1.1976,0.83500334001336,1.1976011976012
"Shandong","China",3,2020-02-19,0.968954,1.03204073671196,0.968954968954969
"Shandong","China",4,2020-02-26,1.034945,0.966234920696269,1.03494603494603
"Shandong","China",5,2020-03-04,1.024002,0.976560592655092,1.02400302400302
"Shandong","China",6,2020-03-11,0.5693162,1.75649314036734,0.569316769316769
"Shandong","China",7,2020-03-18,0.9819924,1.01833782012977,0.981993381993382
"Shandong","China",8,2020-03-25,0.9333367,1.07142470664659,0.933337633337633
"Shandong","China",9,2020-04-01,0.7848436,1.27413920429497,0.784844384844385
"Shandong","China",10,2020-04-08,1.199705,0.833538244818518,1.1997061997062
"Shandong","China",11,2020-04-15,0.9915575,1.00851438267574,0.991558491558492
"Shandong","China",12,2020-04-22,1.016052,0.984201595981308,1.01605301605302
"Shanghai","China",1,2020-01-24,0.4001556,2.4990278781554,7.42057187765936
"Shanghai","China",2,2020-01-31,0.2431343,4.11295321145556,4.50873497478079
"Shanghai","China",3,2020-02-07,0.03868664,25.8487167663049,0.717413408247021
"Shanghai","China",4,2020-02-14,0.008923454,112.06422983746,0.165478458389654
"Shanghai","China",5,2020-02-21,0.006830573,146.400602116396,0.12666762107565
"Shanghai","China",6,2020-02-28,0.009485958,105.418978241312,0.175909654063214
"Shanghai","China",7,2020-03-06,0.01779372,56.1996030060044,0.329970587019012
"Shanghai","China",8,2020-03-13,0.04054922,24.661386828156,0.751953494073361
"Shanghai","China",9,2020-03-20,0.09924814,10.0757555758728,1.84047894517532
"Shanghai","China",10,2020-03-27,0.1524842,6.55805650683809,2.82769994049161
"Shanghai","China",11,2020-04-03,0.05111056,19.5654283576623,0.947805264220771
"Shanghai","China",12,2020-04-10,0.03886242,25.731799512228,0.720673110534468
"Shanghai","China",13,2020-04-17,0.02953324,33.8601521539797,0.547670781566382
"Shanghai","China",14,2020-04-24,0.02876445,34.7651354362764,0.533414173752257
"Sichuan","China",1,2020-01-24,0.4151074,2.40901511271541,8.10212121111573
"Sichuan","China",2,2020-01-31,0.2264481,4.41602292092537,4.41984400718189
"Sichuan","China",3,2020-02-07,0.1027747,9.73002110441578,2.00597020635155
"Sichuan","China",4,2020-02-14,0.03760126,26.5948534703358,0.733906372689761
"Sichuan","China",5,2020-02-21,0.00883194,113.2254068755,0.17238297464536
"Sichuan","China",6,2020-02-28,0.003831876,260.968778739187,0.0747910632717348
"Sichuan","China",7,2020-03-06,0.002519571,396.892963127453,0.0491773204766094
"Sichuan","China",8,2020-03-13,0.002074323,482.084998334396,0.0404869110427933
"Sichuan","China",9,2020-03-20,0.001907415,524.269757761158,0.0372291785930588
"Sichuan","China",10,2020-03-27,0.001843488,542.449964415282,0.0359814429403988
"Sichuan","China",11,2020-04-03,0.001818115,550.020213242837,0.035486209365932
"Sichuan","China",12,2020-04-10,0.001808417,552.969807295552,0.0352969225175034
"Sichuan","China",13,2020-04-17,0.001805919,553.73469131229,0.0352481662226617
"Sichuan","China",14,2020-04-24,0.00180583,553.761982024886,0.0352464291088743
"","Singapore",1,2020-02-05,0.2510771,3.98284033071913,16.6879533359343
"","Singapore",2,2020-02-12,0.1983135,5.04252105882857,13.180996729235
"","Singapore",3,2020-02-19,0.1500862,6.66283775590294,9.97554735962662
"","Singapore",4,2020-02-26,0.1860266,5.37557532094872,12.3643423475997
"","Singapore",5,2020-03-04,0.1310394,7.63129257307344,8.70959315831207
"","Singapore",6,2020-03-11,0.0999766,10.0023405476882,6.64499006673796
"","Singapore",7,2020-03-18,0.09774498,10.2307044310613,6.49666443121191
"","Singapore",8,2020-03-25,0.08987767,11.1262341357981,5.97376010357976
"","Singapore",9,2020-04-01,0.08422124,11.8734893953117,5.59780291796634
"","Singapore",10,2020-04-08,0.1179104,8.48101609357614,7.83696821821406
"","Singapore",11,2020-04-15,0.1872916,5.33926775146349,12.4484211463829
"","Singapore",12,2020-04-22,0.1087379,9.19642553332371,7.22731384521924
"","Slovakia",1,2020-03-09,0.2358804,4.23943659583416,17.5661653054674
"","Slovakia",2,2020-03-16,0.2248292,4.44782083466027,16.7431753240032
"","Slovakia",3,2020-03-23,0.1064169,9.39700367140934,7.92493508021605
"","Slovakia",4,2020-03-30,0.09515421,10.5092565005794,7.08619530224283
"","Slovakia",5,2020-04-06,0.06935283,14.4190222662868,5.1647499164067
"","Slovakia",6,2020-04-13,0.04411858,22.6661873523581,3.28553906692751
"","Slovakia",7,2020-04-20,0.0445555,22.4439182592497,3.31807678072342
"","Slovakia",8,2020-04-27,0.03052187,32.7633922823208,2.27298331634161
"","Slovenia",1,2020-03-18,0.09674611,10.3363329026872,9.4738506312727
"","Slovenia",2,2020-03-25,0.08836678,11.3164698317626,8.65330579685877
"","Slovenia",3,2020-04-01,0.03761002,26.5886590860627,3.68295646945576
"","Slovenia",4,2020-04-08,0.02571748,38.8840586247175,2.51838098847326
"","Slovenia",5,2020-04-15,0.01733773,57.6776775275656,1.69779502561225
"","Slovenia",6,2020-04-22,0.01540702,64.905478152167,1.50873049214104
"","South_Africa",1,2020-03-08,0.1562763,6.39892293329187,7.17097969612094
"","South_Africa",2,2020-03-15,0.2269102,4.40702974128091,10.4121254281215
"","South_Africa",3,2020-03-22,0.3070381,3.25692479206978,14.0889180319444
"","South_Africa",4,2020-03-29,0.07975509,12.5383846974532,3.65968564044771
"","South_Africa",5,2020-04-05,0.05030595,19.8783642889161,2.3083663104647
"","South_Africa",6,2020-04-12,0.03921666,25.4993668507211,1.79951708998535
"","South_Africa",7,2020-04-19,0.06172381,16.2012033929856,2.83229247350511
"","South_Africa",8,2020-04-26,0.06063695,16.4915946464985,2.78242022165037
"","Spain",1,2020-01-07,0.1263726,7.9131077464577,2.76213636371584
"","Spain",2,2020-01-14,0.1741206,5.74314584259416,3.80576834639804
"","Spain",3,2020-01-21,0.2681891,3.7287123153029,5.86183132627029
"","Spain",4,2020-01-28,0.2124876,4.70615697104208,4.64435903667968
"","Spain",5,2020-02-04,0.09753605,10.2526194161031,2.13185350683777
"","Spain",6,2020-02-11,0.1505411,6.64270421831646,3.29038926589928
"","Spain",7,2020-02-18,0.04545398,22.0002736834046,0.99349139792655
"","Spain",8,2020-02-25,0.05390139,18.5523972572878,1.17812713652983
"","Spain",9,2020-03-03,0.06702507,14.9197904604949,1.46497249504719
"","Spain",10,2020-03-10,0.1186984,8.42471339125043,2.59440073999339
"","Spain",11,2020-03-17,0.146271,6.83662516835189,3.19705733724779
"","Spain",12,2020-03-24,0.2011912,4.97039631952093,4.39745268815888
"","Spain",13,2020-03-31,0.07649417,13.0728916988053,1.67193939642978
"","Spain",14,2020-04-07,0.06756513,14.8005339440626,1.47677663110665
"","Sweden",1,2020-02-09,0.01363157,73.3591215098481,1.29546013949064
"","Sweden",2,2020-02-16,0.02041621,48.9806874047632,1.94023038098107
"","Sweden",3,2020-02-23,0.03771642,26.5136510835334,3.58433538574702
"","Sweden",4,2020-03-01,0.08208665,12.1822488796899,7.80100773860378
"","Sweden",5,2020-03-08,0.1835762,5.44732922895234,17.4459471402899
"","Sweden",6,2020-03-15,0.1387602,7.20667741902938,13.1869115624795
"","Sweden",7,2020-03-22,0.1025642,9.7499907375088,9.74706749396773
"","Sweden",8,2020-03-29,0.09963826,10.036305330904,9.46900424516064
"","Sweden",9,2020-04-05,0.07652955,13.0668480345174,7.27289530979599
"","Sweden",10,2020-04-12,0.05307413,18.8415712136968,5.04383719946743
"","Sweden",11,2020-04-19,0.04811822,20.7821486330957,4.57285815157324
"","Sweden",12,2020-04-26,0.03733259,26.7862476190374,3.54785855546696
"","Switzerland",1,2020-02-28,0.1317499,7.59013858834048,2.65120001352264
"","Switzerland",2,2020-03-06,0.2208586,4.52778383997725,4.44433220295872
"","Switzerland",3,2020-03-13,0.3533514,2.83004397322326,7.11048157500115
"","Switzerland",4,2020-03-20,0.2391987,4.18062472747553,4.81338958644066
"","Switzerland",5,2020-03-27,0.1072626,9.32291404459709,2.15844267487469
"","Switzerland",6,2020-04-03,0.04207146,23.7690824135887,0.846602960009208
"","Switzerland",7,2020-04-10,0.01657091,60.3467160222341,0.333456016407469
"","Switzerland",8,2020-04-17,0.00681823,146.665630229546,0.137203075434596
"","Switzerland",9,2020-04-24,0.006048908,165.319095611968,0.121722027655408
"","Thailand",1,2020-01-24,0.02898703,34.4981876377125,0.505562454435418
"","Thailand",2,2020-01-31,0.02914591,34.3101313357517,0.508333478674904
"","Thailand",3,2020-02-07,0.04734394,21.1220274442727,0.825725109093383
"","Thailand",4,2020-02-14,0.06894569,14.5041698763186,1.20248098060213
"","Thailand",5,2020-02-21,0.09758333,10.2476519298942,1.70194972809499
"","Thailand",6,2020-02-28,0.1377555,7.25923828812643,2.40259207969834
"","Thailand",7,2020-03-06,0.2226444,4.49146711078293,3.88313840121947
"","Thailand",8,2020-03-13,0.3588207,2.78690722135038,6.25818767201175
"","Thailand",9,2020-03-20,0.3508246,2.85042725054058,6.11872778454101
"","Thailand",10,2020-03-27,0.1126765,8.8749650548251,1.96518953122111
"","Thailand",11,2020-04-03,0.07772603,12.8657027767918,1.355618788828
"","Thailand",12,2020-04-10,0.01377045,72.6192680703971,0.240170258928914
"","Thailand",13,2020-04-17,0.005522309,181.083673514104,0.096314527296891
"","Thailand",14,2020-04-24,0.005136073,194.701282477878,0.0895781896951664
"","Tunisia",1,2020-03-01,0.08262103,12.1034559845115,8.05119392396774
"","Tunisia",2,2020-03-08,0.1336769,7.4807240443188,13.0264491383712
"","Tunisia",3,2020-03-15,0.2160687,4.62815761838711,21.0553052243431
"","Tunisia",4,2020-03-22,0.2240808,4.46267596331323,21.8360625065777
"","Tunisia",5,2020-03-29,0.1448307,6.90461345557261,14.1133565127909
"","Tunisia",6,2020-04-05,0.04125432,24.2398856653073,4.02012091257421
"","Tunisia",7,2020-04-12,0.04143864,24.1320661102778,4.03808239361681
"","Tunisia",8,2020-04-19,0.005116893,195.431094611515,0.498627260289457
"","Tunisia",9,2020-04-26,0.00451683,221.394207884733,0.440152758342461
"","Turkey",1,2020-03-22,0.07173135,13.9409058940059,4.44778554301584
"","Turkey",2,2020-03-29,0.199285,5.01793913239832,12.356897534201
"","Turkey",3,2020-04-05,0.1394121,7.17297852912337,8.64440893558366
"","Turkey",4,2020-04-12,0.08826575,11.3294227942322,5.47302018982566
"","Turkey",5,2020-04-19,0.0433952,23.0440233021164,2.6907697010621
"","Turkey",6,2020-04-26,0.03182137,31.4254226012268,1.97312094983516
"","Ukraine",1,2020-03-04,0.1082259,9.23993240065456,10.6543472033125
"","Ukraine",2,2020-03-11,0.09471375,10.5581290995236,9.32413754404203
"","Ukraine",3,2020-03-18,0.1283727,7.789818240171,12.6377079537031
"","Ukraine",4,2020-03-25,0.2294519,4.35821189539071,22.588495074282
"","Ukraine",5,2020-04-01,0.1542976,6.48098220581526,15.1898963467879
"","Ukraine",6,2020-04-08,0.1218176,8.20899443101818,11.9923881979659
"","Ukraine",7,2020-04-15,0.103341,9.67670140602471,10.1734510347109
"","Ukraine",8,2020-04-22,0.09026543,11.0784383345872,8.88622068909845
"","United_Arab_Emirates",1,2020-01-24,0.07956827,12.5678238322889,3.65172975602592
"","United_Arab_Emirates",2,2020-01-31,0.07796612,12.8260839451803,3.57820020927799
"","United_Arab_Emirates",3,2020-02-07,0.08171219,12.2380761059029,3.75012345565693
"","United_Arab_Emirates",4,2020-02-14,0.08640653,11.5731993866667,3.96556688634736
"","United_Arab_Emirates",5,2020-02-21,0.08978139,11.1381657156344,4.12045371101279
"","United_Arab_Emirates",6,2020-02-28,0.0935502,10.6894480182832,4.29342059368862
"","United_Arab_Emirates",7,2020-03-06,0.1041673,9.59994163235488,4.78068492647734
"","United_Arab_Emirates",8,2020-03-13,0.1137865,8.78838878074288,5.22215134103134
"","United_Arab_Emirates",9,2020-03-20,0.1424292,7.02103220407051,6.53668790042773
"","United_Arab_Emirates",10,2020-03-27,0.2022553,4.94424620763955,9.28236465772034
"","United_Arab_Emirates",11,2020-04-03,0.1868595,5.35161444828869,8.57578525140896
"","United_Arab_Emirates",12,2020-04-10,0.1042519,9.59215131810547,4.78456758394067
"","United_Arab_Emirates",13,2020-04-17,0.08475693,11.7984452716728,3.88985965524205
"","United_Arab_Emirates",14,2020-04-24,0.07954758,12.5710926718324,3.65078020303637
"","United_Kingdom",1,2020-01-10,0.008951279,111.715878814636,0.748261397652885
"","United_Kingdom",2,2020-01-17,0.01169219,85.5271766880285,0.977381492747917
"","United_Kingdom",3,2020-01-24,0.01588449,62.9544920863056,1.32782708352664
"","United_Kingdom",4,2020-01-31,0.02229827,44.8465284526557,1.86397214023174
"","United_Kingdom",5,2020-02-07,0.03206132,31.1902317184695,2.68009165101394
"","United_Kingdom",6,2020-02-14,0.04660253,21.4580624699989,3.89563035985813
"","United_Kingdom",7,2020-02-21,0.0682461,14.6528519578408,5.70487437274143
"","United_Kingdom",8,2020-02-28,0.09865438,10.1363973905669,8.24678398063325
"","United_Kingdom",9,2020-03-06,0.1396423,7.16115389104877,11.6730740455597
"","United_Kingdom",10,2020-03-13,0.1850512,5.40390983684515,15.4689256752408
"","United_Kingdom",11,2020-03-20,0.2176467,4.59460216947925,18.1936708638551
"","United_Kingdom",12,2020-03-27,0.1574833,6.34987963803146,13.1644510426933
"","United_Kingdom",13,2020-04-03,0.1306372,7.65478745717146,10.9203136062969
"","United_Kingdom",14,2020-04-10,0.06191032,16.1523959171912,5.17524954504684
"","Uruguay",1,2020-03-24,0.154638,6.46671581370685,3.60034113347487
"","Uruguay",2,2020-03-31,0.05310121,18.8319625861633,1.23632270593442
"","Uruguay",3,2020-04-07,0.02201852,45.4163131763624,0.512643614468884
"","Uruguay",4,2020-04-14,0.01866197,53.5849109177648,0.434495132002962
"","Uruguay",5,2020-04-21,0.01924747,51.954880303749,0.448126967215844
"","US",1,2020-01-13,0.1051996,9.50573956554968,9.02375005146645
"","US",2,2020-01-20,0.1361247,7.34620535435524,11.6764252775757
"","US",3,2020-01-27,0.09988708,10.011304765341,8.56805580335699
"","US",4,2020-02-03,0.1157909,8.63625725337656,9.93224441760564
"","US",5,2020-02-10,0.1426334,7.01098059781229,12.2347247574215
"","US",6,2020-02-17,0.09847682,10.1546739628676,8.447087341998
"","US",7,2020-02-24,0.08665168,11.540457149821,7.43275736656465
"","US",8,2020-03-02,0.09123731,10.9604283598453,7.82610086738125
"","US",9,2020-03-09,0.1130902,8.84249917322633,9.70058534509971
"","US",10,2020-03-16,0.1669802,5.98873399361122,14.3231303953996
"","US",11,2020-03-23,0.2232586,4.47911077109684,19.1505462305972
"","US",12,2020-03-30,0.1596113,6.26522057022278,13.6910451806816
"","US",13,2020-04-06,0.09077437,11.0163254231343,7.78639106954147
"","US",14,2020-04-13,0.04925954,20.3006361813367,4.2253561478391
"","Uzbekistan",1,2020-03-18,0.1672637,5.97858351812139,7.29986798031706
"","Uzbekistan",2,2020-03-25,0.2038314,4.90601546179833,8.89578737193545
"","Uzbekistan",3,2020-04-01,0.1590802,6.28613743256546,6.94271655046752
"","Uzbekistan",4,2020-04-08,0.1823544,5.48382709712516,7.95846944453537
"","Uzbekistan",5,2020-04-15,0.08139499,12.285768448402,3.55231099909441
"","Uzbekistan",6,2020-04-22,0.007740655,129.188033829179,0.337824402910979
"Victoria","Australia",1,2020-01-22,0.04484413,22.2994626052507,0.475419805051305
"Victoria","Australia",2,2020-01-29,0.04909326,20.3693949026811,0.520467407853225
"Victoria","Australia",3,2020-02-05,0.06841631,14.6163977566168,0.725322773850884
"Victoria","Australia",4,2020-02-12,0.1089078,9.18207878590881,1.15459760384618
"Victoria","Australia",5,2020-02-19,0.1572102,6.36091042438722,1.66668062544812
"Victoria","Australia",6,2020-02-26,0.185291,5.39691620208213,1.96438220783325
"Victoria","Australia",7,2020-03-04,0.2141262,4.67014312120609,2.27008164190891
"Victoria","Australia",8,2020-03-11,0.3333106,3.00020461395467,3.53362771166557
"Victoria","Australia",9,2020-03-18,0.4738309,2.11045754930715,5.02336859038818
"Victoria","Australia",10,2020-03-25,0.2513888,3.97790195903716,2.66512505177559
"Victoria","Australia",11,2020-04-01,0.1138923,8.78022482643691,1.20744130977331
"Victoria","Australia",12,2020-04-08,0.01706501,58.5994382657848,0.180916515213888
"Victoria","Australia",13,2020-04-15,0.01069518,93.500062645042,0.113386086218834
"Victoria","Australia",14,2020-04-22,0.01092915,91.4984239396476,0.115866544013151
"Western_Australia","Australia",1,2020-03-02,0.2640311,3.78743261683946,6.59805250431572
"Western_Australia","Australia",2,2020-03-09,0.2961564,3.37659425897938,7.40085344752617
"Western_Australia","Australia",3,2020-03-16,0.3771743,2.65129410991152,9.4254647830446
"Western_Australia","Australia",4,2020-03-23,0.2128772,4.69754393612843,5.31973295029153
"Western_Australia","Australia",5,2020-03-30,0.07194088,13.9003025817866,1.79777951705945
"Western_Australia","Australia",6,2020-04-06,0.01755493,56.964055111584,0.438692070175018
"Western_Australia","Australia",7,2020-04-13,0.007014023,142.571531345135,0.17527818510955
"Western_Australia","Australia",8,2020-04-20,0.006989307,143.075701210435,0.174660540196899
"Western_Australia","Australia",9,2020-04-27,0.007186414,139.151459963203,0.179586180907285
"Zhejiang","China",1,2020-01-24,0.5814667,1.71978894062205,10.3996892970785
"Zhejiang","China",2,2020-01-31,0.2503059,3.99511158146891,4.47678876404374
"Zhejiang","China",3,2020-02-07,0.05287033,18.9142000815959,0.945600160824354
"Zhejiang","China",4,2020-02-14,0.0107528,92.9990328100588,0.192316738127266
"Zhejiang","China",5,2020-02-21,0.004035183,247.820235166534,0.0721703400329769
"Zhejiang","China",6,2020-02-28,0.002507498,398.803907321162,0.044847280356804
"Zhejiang","China",7,2020-03-06,0.002036483,491.042645580641,0.0364230496067655
"Zhejiang","China",8,2020-03-13,0.001865144,536.151632260029,0.0333586052207463
"Zhejiang","China",9,2020-03-20,0.001801162,555.197144954202,0.0322142698347204
"Zhejiang","China",10,2020-03-27,0.001778576,562.247550849669,0.0318103131120675
"Zhejiang","China",11,2020-04-03,0.001771352,564.540531752018,0.0316811099169712
"Zhejiang","China",12,2020-04-10,0.001769364,565.174831182278,0.0316455539989408
"Zhejiang","China",13,2020-04-17,0.001768977,565.298474768185,0.0316386323992035
"Zhejiang","China",14,2020-04-24,0.001768952,565.306463940231,0.0316381852674376
