"TotalPopulation","ConfirmedInflectionDayNum","ConfirmedK","ConfirmedPopFactor","EstimatedSusceptiblePopulation","Loss","Province","Country","ConfirmedInflectionDate"
35530000,96.87036,5.465961,2.150718e-05,764.1501,6.523674,"","Afghanistan","2020-04-05"
4903180,93.96835,4.52783,0.0006031694,2957.448,50.53663,"Alabama","US","2020-04-02"
731545,92.09823,4.394294,0.0003581792,262.0242,5.430888,"Alaska","US","2020-04-01"
2877000,92.04769,6.492218,0.0001878031,540.3096,5.952945,"","Albania","2020-04-01"
4413139,94.40299,5.880586,0.0004559681,2012.251,37.5006,"Alberta","Canada","2020-04-03"
41320000,93.73551,4.775869,5.274333e-05,2179.354,19.15043,"","Algeria","2020-04-02"
78000,87.59654,4.130332,0.007326837,571.4932,8.586094,"","Andorra","2020-03-27"
29780000,105.3442,6.472469,2.221784e-06,66.16472,0.5392906,"","Angola","2020-04-14"
14731,88.51568,1.556944,0.0002041019,3.006625,0.1760474,"Anguilla","United_Kingdom","2020-03-28"
59500509,37.49313,3.792202,1.695677e-05,1008.937,39.27447,"Anhui","China","2020-02-06"
102012,98.67499,6.11703,0.0003891836,39.70139,0.7650124,"","Antigua_and_Barbuda","2020-04-07"
44270000,91.94624,4.822362,4.815124e-05,2131.655,20.76733,"","Argentina","2020-03-31"
7278716,93.17783,3.763741,0.0004910716,3574.371,34.72809,"Arizona","US","2020-04-02"
3017804,91.85509,5.144794,0.0003996075,1205.937,25.28242,"Arkansas","US","2020-03-31"
2973000,91.08786,5.205843,0.0003708967,1102.676,12.9251,"","Armenia","2020-03-31"
4829,87.22775,2.510201,0.01405765,67.88438,1.648322,"Aruba","Netherlands","2020-03-27"
426709,85.18263,2.392213,0.0002149715,91.73028,1.88388,"Australian_Capital_Territory","Australia","2020-03-25"
8822000,86.05137,4.090193,0.001496761,13204.43,77.72028,"","Austria","2020-03-26"
9898000,99.39972,5.429036,0.0001609109,1592.696,4.851413,"","Azerbaijan","2020-04-08"
395361,91.61341,4.166271,9.959275e-05,39.37509,0.7060953,"","Bahamas","2020-03-31"
1493000,89.82395,9.706378,0.000737228,1100.681,17.33969,"","Bahrain","2020-03-29"
164700000,215.572,8.402383,1,164700000,6.994818,"","Bangladesh","2020-08-02"
285719,90.6676,4.758244,0.0002628731,75.10785,1.62196,"","Barbados","2020-03-30"
21709986,39.81572,10.90736,2.421901e-05,525.7943,48.40356,"Beijing","China","2020-02-08"
9508000,141.9758,4.718723,1,9508000,18.94305,"","Belarus","2020-05-20"
11400000,92.43134,4.881095,0.002492749,28417.34,167.8781,"","Belgium","2020-04-01"
374681,102.699,6.057675,6.06964e-05,22.74179,0.2752231,"","Belize","2020-04-11"
11180000,186.5055,6.892676,1,11180000,0.7567622,"","Benin","2020-07-04"
65441,87.83214,2.636498,0.0005998063,39.25192,0.7451806,"Bermuda","United_Kingdom","2020-03-27"
807610,93.32741,8.88402,1.080987e-05,8.730161,0.261198,"","Bhutan","2020-04-02"
11050000,92.09802,4.541931,2.087393e-05,230.6569,3.402796,"","Bolivia","2020-04-01"
3507000,92.27101,4.740183,0.0002688481,942.8502,8.006398,"","Bosnia_and_Herzegovina","2020-04-01"
2350000,91.67264,1.981973,2.767671e-06,6.504027,0.3487837,"","Botswana","2020-03-31"
209300000,98.81152,5.592987,0.0001461938,30598.36,149.8572,"","Brazil","2020-04-07"
5110916,87.3708,5.05302,0.0002857782,1460.588,27.41489,"British_Columbia","Canada","2020-03-27"
30181,87.636,0.7399228,9.593153e-05,2.89531,0.1347696,"British_Virgin_Islands","United_Kingdom","2020-03-27"
428697,78.54947,4.138577,0.0003184469,136.5172,4.12728,"","Brunei","2020-03-18"
7050000,87.76342,5.3912,9.141475e-05,644.474,8.853694,"","Bulgaria","2020-03-27"
19190000,87.8616,4.162669,2.051043e-05,393.5951,6.11993,"","Burkina_Faso","2020-03-27"
54319034,89.85645,2.042235,3.859529e-07,20.96459,0.9812584,"","Burma","2020-03-29"
11890784,92.23085,1.878679,3.219668e-07,3.828438,0.209055,"","Burundi","2020-04-01"
546388,84.07351,2.757446,1.225144e-05,6.694042,0.2837885,"","Cabo_Verde","2020-03-24"
39512221,93.85239,4.615293,0.0006131776,24228.01,157.3116,"California","US","2020-04-02"
16010000,80.3257,2.399357,6.855488e-06,109.7564,3.18629,"","Cambodia","2020-03-20"
24050000,95.83894,3.577668,4.793631e-05,1152.868,20.715,"","Cameroon","2020-04-04"
68076,97.38931,4.587974,0.001192039,81.14921,1.060908,"Cayman_Islands","United_Kingdom","2020-04-06"
4659000,141.6489,9.808823,0.0001688572,786.7055,0.6401489,"","Central_African_Republic","2020-05-20"
14900000,91.46763,4.853367,8.215167e-07,12.2406,0.3894989,"","Chad","2020-03-31"
170499,95.28318,4.516482,0.003069703,523.3813,4.2299,"Channel_Islands","United_Kingdom","2020-04-04"
18050000,91.88491,4.467132,0.0003487253,6294.492,35.76384,"","Chile","2020-03-31"
30749994,34.46821,4.318313,1.88607e-05,579.9663,12.8205,"Chongqing","China","2020-02-03"
49070000,92.53646,4.968434,4.756517e-05,2334.023,18.85908,"","Colombia","2020-04-01"
5758721,94.06278,4.76861,0.001361454,7840.232,113.157,"Colorado","US","2020-04-03"
2308000,100.5583,5.004007,5.875558e-05,135.6079,2.150693,"","Congo_(Brazzaville)","2020-04-09"
11855000,92.06065,4.653861,1.89814e-05,225.0245,3.454356,"","Congo_(Kinshasa)","2020-04-01"
3565285,95.21642,3.934988,0.00306417,10924.64,146.0295,"Connecticut","US","2020-04-04"
4906000,86.28022,4.115678,9.758501e-05,478.7521,6.397565,"","Costa_Rica","2020-03-26"
24290000,91.50032,4.346477,1.625076e-05,394.731,10.07439,"","Cote_d'Ivoire","2020-03-31"
4076000,87.57739,3.999455,0.0003252211,1325.601,12.36475,"","Croatia","2020-03-27"
11480000,92.89596,4.037456,4.215546e-05,483.9446,4.215548,"","Cuba","2020-04-01"
25386,86.29412,4.514699,0.0005307983,13.47485,0.4332768,"Curacao","Netherlands","2020-03-26"
1170000,95.29065,6.044582,0.000698322,817.0368,7.240969,"","Cyprus","2020-04-04"
10650000,88.64354,4.755307,0.0005279933,5623.128,46.7708,"","Czechia","2020-03-28"
973764,113.244,5.958555,0.01269154,12358.57,15.13351,"Delaware","US","2020-04-22"
5603000,101.9788,9.245104,0.002258956,12656.93,114.1863,"","Denmark","2020-04-10"
3711,46.17249,2.60968,0.1906307,707.4305,17.90019,"","Diamond_Princess","2020-02-15"
705744,98.65519,5.345083,0.003834187,2705.955,22.76589,"District_of_Columbia","US","2020-04-07"
956985,101.9212,4.557804,0.0003308038,316.5743,2.008236,"","Djibouti","2020-04-10"
73925,85.05198,0.9116202,0.0001726185,12.76082,0.5976143,"","Dominica","2020-03-25"
10770000,91.00152,3.816134,0.000203818,2195.12,24.06059,"","Dominican_Republic","2020-03-31"
16620000,91.56958,5.179577,0.0003198839,5316.47,94.04442,"","Ecuador","2020-03-31"
97550000,105.7382,8.712127,5.065553e-05,4941.447,22.67963,"","Egypt","2020-04-14"
6378000,96.30908,4.256844,1.973933e-05,125.8974,1.167652,"","El_Salvador","2020-04-05"
1268000,82.84581,3.640299,1.236357e-05,15.67701,0.6285724,"","Equatorial_Guinea","2020-03-22"
4475000,96.85674,4.65686,1.426292e-05,63.82655,1.014048,"","Eritrea","2020-04-05"
1328000,90.51513,6.686058,0.001175713,1561.347,25.72422,"","Estonia","2020-03-30"
1367000,84.47063,2.735525,7.043256e-06,9.628131,0.4411379,"","Eswatini","2020-03-24"
1.05e+08,105.8637,7.805615,1.849128e-06,194.1584,1.037448,"","Ethiopia","2020-04-14"
50498,81.05953,3.194139,0.003534925,178.5066,4.383828,"Faroe_Islands","Denmark","2020-03-21"
905502,181.6568,7.640558,1,905502,0.6631812,"","Fiji","2020-06-29"
5513000,91.18668,6.496322,0.0005251347,2895.068,44.55688,"","Finland","2020-03-31"
21477722,93.12766,3.619925,0.0008336425,17904.74,178.4397,"Florida","US","2020-04-02"
64266012,102.1415,6.909783,0.004733623,304211.1,1744.968,"","France","2020-04-11"
269352,96.48053,7.556245,0.0004767226,128.4062,1.701503,"French_Guiana","France","2020-04-05"
275918,83.6986,3.600196,0.0001541399,42.52999,1.286416,"French_Polynesia","France","2020-03-23"
39109999,33.37742,4.299804,7.921659e-06,309.8161,17.88421,"Fujian","China","2020-02-02"
2025000,98.53441,6.097483,3.067288e-05,62.11259,1.113941,"","Gabon","2020-04-07"
2101000,83.07997,3.1812,1.918417e-06,4.030593,0.1845159,"","Gambia","2020-03-23"
26260000,42.87456,13.19021,5.28192e-06,138.7032,11.73813,"Gansu","China","2020-02-11"
3717000,101.0748,9.223772,0.0001253283,465.8455,3.525504,"","Georgia","2020-04-10"
10617406,93.53377,4.262009,0.00107958,11462.34,192.8736,"Georgia","US","2020-04-02"
82790000,89.50062,5.434754,0.001614407,133656.8,966.327,"","Germany","2020-03-29"
28830000,88.03215,3.547555,8.859437e-06,255.4176,10.13335,"","Ghana","2020-03-28"
30000,88.54848,3.591245,0.003971042,119.1313,2.259724,"Gibraltar","United_Kingdom","2020-03-28"
10740000,89.71166,6.980872,0.0002298879,2468.996,25.64308,"","Greece","2020-03-29"
56171,83.70288,2.528664,0.0001934423,10.86585,0.3547109,"Greenland","Denmark","2020-03-23"
107825,87.10763,1.983131,0.0001073702,11.57719,0.5394428,"","Grenada","2020-03-27"
394110,85.01715,4.280998,0.0003680943,145.0696,4.092398,"Guadeloupe","France","2020-03-25"
159355,92.36163,5.545424,0.0009750793,155.3838,4.584149,"Guam","US","2020-04-01"
111689974,33.81845,3.849582,1.242331e-05,1387.559,55.28094,"Guangdong","China","2020-02-02"
48849998,34.06408,4.201526,5.165916e-06,252.355,3.828641,"Guangxi","China","2020-02-03"
16910000,101,7.619742,1.109191e-05,187.5642,2.126844,"","Guatemala","2020-04-10"
1861000,109.5319,4.433998,0.000254361,473.3658,1.050984,"","Guinea-Bissau","2020-04-18"
12720000,93.8802,1.886457,1.237959e-05,157.4684,2.568475,"","Guinea","2020-04-02"
35806467,37.49982,4.429381,4.133064e-06,147.9904,5.14253,"Guizhou","China","2020-02-06"
777859,194.14,9.500052,1,777859,2.698833,"","Guyana","2020-07-12"
9169996,36.18771,4.39988,1.869618e-05,171.4439,6.071799,"Hainan","China","2020-02-05"
10980000,90.10559,4.218348,2.503301e-06,27.48625,0.8317392,"","Haiti","2020-03-30"
1415870,93.08722,4.458865,0.0003869189,547.8268,10.04935,"Hawaii","US","2020-04-02"
59019999,37.34093,4.398207,5.399424e-06,318.674,6.029049,"Hebei","China","2020-02-06"
37890000,37.66497,3.760256,1.28273e-05,486.0265,10.37456,"Heilongjiang","China","2020-02-06"
95589995,34.84316,3.608223,1.334953e-05,1276.082,15.19129,"Henan","China","2020-02-03"
1000,84.76386,3.403047,0.007271326,7.271326,0.4448633,"","Holy_See","2020-03-24"
9265000,91.41073,3.181779,3.520058e-05,326.1334,5.093182,"","Honduras","2020-03-31"
7335384,100.8888,10.86191,0.0003176777,2330.288,35.6493,"Hong_Kong","China","2020-04-09"
59019556,41.26942,4.28466,0.001151124,67938.83,1805.341,"Hubei","China","2020-02-10"
68599996,37.29881,4.235028,1.531022e-05,1050.281,72.33995,"Hunan","China","2020-02-06"
9773000,91.29035,4.854165,0.0001005589,982.7624,5.3597,"","Hungary","2020-03-31"
364260,86.65722,5.519373,0.004840008,1763.021,15.72486,"","Iceland","2020-03-26"
1787065,92.00257,2.577265,0.0007167103,1280.808,25.60555,"Idaho","US","2020-04-01"
12671820,93.03989,3.957402,0.00127789,16193.19,154.9558,"Illinois","US","2020-04-02"
1.339e+09,157.3547,5.828071,0.09951288,133247700,65.79673,"","India","2020-06-05"
6732213,95.6125,4.175965,0.001330574,8957.706,75.14184,"Indiana","US","2020-04-04"
2.64e+08,92.81519,5.822409,1.411116e-05,3725.347,31.76534,"","Indonesia","2020-04-01"
25290000,36.61649,6.15776,3.296292e-06,83.36322,12.00066,"Inner_Mongolia","China","2020-02-05"
3155062,93.18693,3.990423,0.0004079794,1287.2,13.5889,"Iowa","US","2020-04-02"
81160000,94.54978,9.471798,0.001362767,110602.2,1034.839,"","Iran","2020-04-03"
38270000,96.76746,7.742029,5.430385e-05,2078.208,10.73082,"","Iraq","2020-04-05"
4830000,92.33178,5.107179,0.001506256,7275.215,60.79357,"","Ireland","2020-04-01"
84287,93.38361,3.388037,0.002186985,184.3344,2.747882,"Isle_of_Man","United_Kingdom","2020-04-02"
8712000,90.92279,3.992815,0.001249288,10883.8,85.97531,"","Israel","2020-03-30"
60480000,85.34582,6.052881,0.002457246,148614.2,1107.582,"","Italy","2020-03-25"
2890000,96.42078,8.019827,3.873974e-05,111.9578,1.591284,"","Jamaica","2020-04-05"
126799998,237.956,13.40641,1,126800000,84.20219,"","Japan","2020-08-24"
80289999,36.098,3.956344,7.948098e-06,638.1528,12.04131,"Jiangsu","China","2020-02-05"
46219998,34.5858,3.370328,2.023673e-05,935.3418,10.01913,"Jiangxi","China","2020-02-03"
27170000,36.37666,4.530553,3.514827e-06,95.49785,4.021653,"Jilin","China","2020-02-05"
9702000,85.20972,3.798402,3.588547e-05,348.1608,6.841706,"","Jordan","2020-03-25"
2913313,94.48931,4.325746,0.000433099,1261.753,10.07651,"Kansas","US","2020-04-03"
18040000,95.26962,4.744642,5.981107e-05,1078.992,10.63253,"","Kazakhstan","2020-04-04"
4467667,90.99251,3.684886,0.0002687905,1200.867,28.53856,"Kentucky","US","2020-03-30"
49700000,96.05235,4.281799,5.821283e-06,289.3178,3.082648,"","Kenya","2020-04-05"
51469999,63.00746,4.130436,0.0001814041,9336.867,392.6193,"","Korea,_South","2020-03-03"
1831000,88.10301,2.13967,8.072344e-05,147.8046,7.748827,"","Kosovo","2020-03-28"
4137000,197.3018,11.30208,1,4137000,25.84934,"","Kuwait","2020-07-15"
6202000,99.97301,5.782405,8.569048e-05,531.4523,6.54063,"","Kyrgyzstan","2020-04-08"
6858000,90.64939,4.85797,2.287251e-06,15.68596,0.7544674,"","Laos","2020-03-30"
1920000,88.1531,4.779632,0.0003259501,625.8242,4.939986,"","Latvia","2020-03-28"
6082000,83.88699,5.31901,9.732228e-05,591.9141,7.448885,"","Lebanon","2020-03-23"
43689998,35.08296,6.531187,3.050199e-06,133.2632,8.979862,"Liaoning","China","2020-02-04"
4732000,184.5007,6.862628,1,4732000,0.6469651,"","Liberia","2020-07-02"
6375000,95.3727,3.760399,4.660231e-06,29.70897,0.7729377,"","Libya","2020-04-04"
38557,82.09346,3.600553,0.001947658,75.09587,3.019199,"","Liechtenstein","2020-03-22"
2794000,91.21525,4.648698,0.0003883545,1085.063,13.94698,"","Lithuania","2020-03-31"
4648793,97.26272,4.20976,0.006445562,29964.08,356.8834,"Louisiana","US","2020-04-06"
602005,86.67657,4.115162,0.005168937,3111.726,46.72042,"","Luxembourg","2020-03-26"
644899,335.8134,25.00856,0.9791718,631466.9,4.190298,"Macau","China","2020-11-30"
25570000,88.60608,3.049845,3.160389e-06,80.81113,2.185328,"","Madagascar","2020-03-28"
1344212,91.63707,4.944145,0.0005078815,682.7004,11.50889,"Maine","US","2020-03-31"
31620000,85.50905,5.233815,0.0001282217,4054.37,64.97176,"","Malaysia","2020-03-25"
436330,73.52964,4.488921,4.032424e-05,17.59468,1.245632,"","Maldives","2020-03-13"
18540000,92.20839,3.257094,3.44209e-06,63.81634,1.615565,"","Mali","2020-04-01"
493559,88.71351,6.273597,0.0006351113,313.4649,8.187147,"","Malta","2020-03-28"
1377513,93.19684,3.935426,0.0002126102,292.8733,7.880345,"Manitoba","Canada","2020-04-02"
376480,86.99089,4.381241,0.0004438587,167.1039,3.171731,"Martinique","France","2020-03-26"
6045672,97.21351,4.460093,0.001329104,8035.329,41.18129,"Maryland","US","2020-04-06"
6892411,93.9849,3.996317,0.002990891,20614.45,212.0131,"Massachusetts","US","2020-04-02"
4420000,88.09569,5.546092,1.765299e-06,7.802623,0.326193,"","Mauritania","2020-03-28"
1265000,91.83047,4.375452,0.0002519867,318.7631,5.121727,"","Mauritius","2020-03-31"
256518,91.79429,4.180174,0.0007931843,203.466,2.897544,"Mayotte","France","2020-03-31"
129200000,95.55954,5.19933,3.017149e-05,3898.156,23.89113,"","Mexico","2020-04-04"
9986857,96.36388,4.406319,0.003158093,31539.43,235.9285,"Michigan","US","2020-04-05"
5639629,91.08363,4.8562,0.0002246543,1266.967,15.54696,"Minnesota","US","2020-03-31"
2976149,93.07972,4.531713,0.0008290414,2467.351,37.01414,"Mississippi","US","2020-04-02"
6137427,92.53712,3.632286,0.0005933041,3641.361,77.3005,"Missouri","US","2020-04-01"
3550000,103.0163,5.447021,0.001072856,3808.638,10.69557,"","Moldova","2020-04-12"
38695,88.96016,4.988013,0.0023235,89.90782,1.543482,"","Monaco","2020-03-28"
3076000,80.62666,4.545125,4.852277e-06,14.9256,0.6981959,"","Mongolia","2020-03-20"
1068778,90.25889,3.603045,0.0003182899,340.1812,5.213842,"Montana","US","2020-03-30"
631219,93.80711,4.637015,0.0005485826,346.2758,5.137526,"","Montenegro","2020-04-02"
4992,86.3063,2.712659,0.001300585,6.492522,0.5026747,"Montserrat","United_Kingdom","2020-03-26"
35740000,95.86017,5.348717,5.690736e-05,2033.869,15.0127,"","Morocco","2020-04-04"
29670000,87.733,3.760535,4.197612e-07,12.45431,0.6483114,"","Mozambique","2020-03-27"
1829,91.35312,0.6568092,0.004980027,9.10847,0.4452486,"","MS_Zaandam","2020-03-31"
2534000,88.44573,4.817633,7.288774e-06,18.46975,0.4478234,"","Namibia","2020-03-28"
1934405,101.8614,5.713575,0.000716834,1386.647,7.703179,"Nebraska","US","2020-04-10"
29300000,268.8583,11.45339,1,29300000,0.7600395,"","Nepal","2020-09-24"
17180000,89.84853,5.190871,0.001360599,23375.09,112.3788,"","Netherlands","2020-03-29"
3080152,92.22287,3.930323,0.0008263886,2545.402,33.08306,"Nevada","US","2020-04-01"
779992,91.66822,5.113339,0.0001908139,148.8333,5.444355,"New_Brunswick","Canada","2020-03-31"
280460,83.08431,1.67713,5.974727e-05,16.75672,0.5260863,"New_Caledonia","France","2020-03-23"
1359707,99.17966,5.4782,0.00121212,1648.129,25.04948,"New_Hampshire","US","2020-04-08"
8882175,94.01581,3.829359,0.006756329,60010.89,454.2911,"New_Jersey","US","2020-04-03"
2096829,105.9669,5.688487,0.0021308,4467.923,16.03202,"New_Mexico","US","2020-04-14"
8089526,86.54124,3.809724,0.0003474099,2810.382,22.99951,"New_South_Wales","Australia","2020-03-26"
19453388,93.20909,4.728339,0.009713334,188957.3,2494.02,"New_York","US","2020-04-02"
4794000,90.74291,3.723074,0.0002727436,1307.533,13.8695,"","New_Zealand","2020-03-30"
521364,90.25659,3.641683,0.00050642,264.0292,12.4654,"Newfoundland_and_Labrador","Canada","2020-03-30"
6218000,87.18576,3.928403,9.758129e-07,6.067605,0.2632897,"","Nicaragua","2020-03-27"
21480000,98.06433,2.850379,2.673051e-05,574.1713,3.952794,"","Niger","2020-04-07"
190900000,89.5834,3.495938,1.402201e-06,267.6801,3.389303,"","Nigeria","2020-03-29"
6819999,36.17823,4.784578,1.08728e-05,74.15247,2.024599,"Ningxia","China","2020-02-05"
10488077,97.39524,5.378294,0.0005756215,6037.163,57.30756,"North_Carolina","US","2020-04-06"
762062,92.86795,4.605882,0.0004145079,315.8807,4.452099,"North_Dakota","US","2020-04-01"
2077000,95.46136,6.063752,0.0004672019,970.3784,9.579972,"","North_Macedonia","2020-04-04"
245869,90.14197,4.340058,0.0001331313,32.73286,0.6721726,"Northern_Territory","Australia","2020-03-30"
44903,149.9994,5.833734,0.8907421,39996.99,0.4619772,"Northwest_Territories","Canada","2020-05-28"
5368000,86.34459,6.313549,0.001279828,6870.118,82.22523,"","Norway","2020-03-26"
977452,95.35614,5.117404,0.0004911315,480.0575,6.26246,"Nova_Scotia","Canada","2020-04-04"
11689097,94.10502,4.270181,0.0005694169,6655.969,44.71123,"Ohio","US","2020-04-03"
3956969,93.62477,3.808368,0.0005010461,1982.624,22.148,"Oklahoma","US","2020-04-02"
4636000,99.32103,7.206661,0.0001665637,772.1894,4.730029,"","Oman","2020-04-08"
14711826,97.60089,5.129538,0.0006756632,9940.239,81.46013,"Ontario","Canada","2020-04-06"
4217722,91.42621,4.460617,0.0003217159,1356.908,18.3754,"Oregon","US","2020-03-31"
1.97e+08,97.63759,6.603638,3.956987e-05,7795.264,77.79675,"","Pakistan","2020-04-06"
4099000,93.07076,4.848089,0.0006814527,2793.275,24.8351,"","Panama","2020-04-02"
8251000,86.56584,6.019229,2.012186e-07,1.660254,0.1970171,"","Papua_New_Guinea","2020-03-26"
6811000,91.18863,5.22879,2.097725e-05,142.876,2.103505,"","Paraguay","2020-03-31"
12801977,97.09674,4.124512,0.002070872,26511.26,118.3653,"Pennsylvania","US","2020-04-06"
32170000,155.1429,7.005531,0.3115763,10023410,34.63233,"","Peru","2020-06-03"
104900000,91.76231,3.801204,4.339521e-05,4552.158,49.95484,"","Philippines","2020-03-31"
37980000,96.61247,5.787389,0.0002348229,8918.573,35.08926,"","Poland","2020-04-05"
10290000,90.30837,3.899088,0.001315532,13536.83,87.58972,"","Portugal","2020-03-30"
158157,88.1543,2.142929,0.0001465048,23.17076,1.255857,"Prince_Edward_Island","Canada","2020-03-28"
3193691,95.0366,3.765658,0.0002622499,837.5451,14.82366,"Puerto_Rico","US","2020-04-04"
2639000,173.4543,10.42003,0.9299522,2454144,92.75384,"","Qatar","2020-06-21"
5980000,36.43067,6.06486,3.203271e-06,19.15556,2.485188,"Qinghai","China","2020-02-05"
8537671,96.2869,4.565087,0.001808475,15440.16,232.3654,"Quebec","Canada","2020-04-05"
5095100,86.38581,4.013316,0.0001922177,979.3683,8.032287,"Queensland","Australia","2020-03-26"
852924,89.36126,3.809872,0.0004696096,400.5413,4.374445,"Reunion","France","2020-03-29"
1059358,96.91323,4.552761,0.002032864,2153.531,18.20065,"Rhode_Island","US","2020-04-05"
19530000,92.9157,4.638168,0.0002981976,5823.799,37.20681,"","Romania","2020-04-01"
144500000,99.74876,4.571282,0.0001304457,18849.41,39.03653,"","Russia","2020-04-08"
12210000,86.65711,3.922172,8.955797e-06,109.3503,2.212229,"","Rwanda","2020-03-26"
10000,87.37802,10.2913,0.0008800819,8.800819,0.6697527,"Saint_Barthelemy","France","2020-03-27"
55345,90.15142,1.895655,0.0001917377,10.61173,0.4139085,"","Saint_Kitts_and_Nevis","2020-03-30"
178844,89.10944,2.970806,8.731042e-05,15.61495,0.8188368,"","Saint_Lucia","2020-03-29"
109897,93.61827,1.067616,7.293884e-05,8.01576,0.5057876,"","Saint_Vincent_and_the_Grenadines","2020-04-02"
33400,79.45313,5.725386,0.008108197,270.8138,5.527373,"","San_Marino","2020-03-19"
1181664,91.53647,5.304448,0.0003094037,365.6113,11.98863,"Saskatchewan","Canada","2020-03-31"
32940000,92.64755,5.781681,0.0001176101,3874.076,40.04536,"","Saudi_Arabia","2020-04-01"
15850000,88.42771,4.92129,1.69316e-05,268.3658,2.534661,"","Senegal","2020-03-28"
7022000,102.5697,5.745016,0.001187356,8337.612,19.98242,"","Serbia","2020-04-11"
95843,79.24683,3.500241,0.0001004787,9.630179,0.5915383,"","Seychelles","2020-03-19"
38350000,34.39126,3.861717,6.47177e-06,248.1924,4.632563,"Shaanxi","China","2020-02-03"
100059998,38.52851,6.739969,7.604425e-06,760.8988,34.3245,"Shandong","China","2020-02-07"
24179991,41.85859,16.25544,1.952875e-05,472.205,55.1849,"Shanghai","China","2020-02-10"
36819999,34.18988,5.339808,3.719157e-06,136.9394,6.782769,"Shanxi","China","2020-02-03"
83019995,34.88127,4.839847,6.512049e-06,540.6303,12.49054,"Sichuan","China","2020-02-03"
7935774,93.53304,1.039908,7.588818e-07,6.022315,0.2255479,"","Sierra_Leone","2020-04-02"
5612000,133.7956,13.27125,0.004308353,24178.48,28.52861,"","Singapore","2020-05-12"
41109,97.72416,3.565663,0.001960907,80.61092,0.9879395,"Sint_Maarten","Netherlands","2020-04-06"
5450000,88.99099,5.984861,0.0001202226,655.2132,11.82895,"","Slovakia","2020-03-28"
2067000,85.59035,6.128704,0.0005725793,1183.521,20.53219,"","Slovenia","2020-03-25"
14740000,91.07117,3.884257,6.008303e-07,8.856239,0.2861758,"","Somalia","2020-03-31"
56720000,86.0721,2.944011,2.972005e-05,1685.721,35.58825,"","South_Africa","2020-03-26"
1751693,87.97659,4.588703,0.000285265,499.6966,11.46782,"South_Australia","Australia","2020-03-27"
5148707,93.23942,3.963003,0.0005911127,3043.466,31.57472,"South_Carolina","US","2020-04-02"
884659,101.5679,5.375348,0.001129787,999.476,3.970544,"South_Dakota","US","2020-04-10"
46660000,89.36208,4.709111,0.003454955,161208.2,694.6135,"","Spain","2020-03-29"
21440000,84.85447,5.410347,9.016128e-06,193.3058,6.652951,"","Sri_Lanka","2020-03-24"
36824,102.5441,7.390856,0.002718725,100.1143,0.9448194,"St_Martin","France","2020-04-11"
40530000,102.9745,6.926137,1.068149e-06,43.2921,0.30859,"","Sudan","2020-04-11"
563402,81.86379,2.655032,1.714717e-05,9.66075,0.3574834,"","Suriname","2020-03-21"
10120000,96.73104,7.830123,0.001434518,14517.32,96.49331,"","Sweden","2020-04-05"
8570000,86.38597,4.734712,0.002729712,23393.63,252.3638,"","Switzerland","2020-03-26"
18270000,89.50267,2.48978,1.091429e-06,19.94041,0.675697,"","Syria","2020-03-29"
23779999,87.31595,7.91986,2.080007e-05,494.6257,16.05572,"","Taiwan#","2020-03-27"
57310000,87.01016,5.610588,4.659245e-07,26.70213,1.107331,"","Tanzania","2020-03-27"
534281,85.92577,3.651005,0.0001635187,87.36495,1.800312,"Tasmania","Australia","2020-03-25"
6829167,91.48872,4.04531,0.0006889628,4705.042,85.64408,"Tennessee","US","2020-03-31"
28995868,96.88182,4.916123,0.0005601709,16242.64,100.2153,"Texas","US","2020-04-05"
69039998,87.2146,4.170067,3.408251e-05,2353.056,34.23931,"","Thailand","2020-03-27"
15569996,37.58672,6.224711,9.516305e-06,148.1688,12.81114,"Tianjin","China","2020-02-06"
3370000,19.51236,9.828506,2.9001e-07,0.9773335,0.2196371,"Tibet","China","2020-01-19"
1296000,82.74309,4.232844,9.615716e-07,1.246197,0.1410377,"","Timor-Leste","2020-03-22"
7798000,95.95816,6.75607,1.325418e-05,103.3561,2.527096,"","Togo","2020-04-04"
1369000,81.93048,2.666124,6.719812e-05,91.99422,5.507558,"","Trinidad_and_Tobago","2020-03-21"
11530000,90.50075,4.407418,6.571877e-05,757.7374,6.915438,"","Tunisia","2020-03-30"
80810000,93.94311,3.510222,0.0005351899,43248.7,305.3918,"","Turkey","2020-04-02"
38586,88.0196,0.6707989,0.0001498884,5.783594,0.4566673,"Turks_and_Caicos_Islands","United_Kingdom","2020-03-28"
42860000,88.82688,3.82619,1.410867e-06,60.46974,1.925039,"","Uganda","2020-03-28"
42220000,92.50128,3.18487,4.245001e-05,1792.239,19.57697,"","Ukraine","2020-04-01"
9400000,148.5,6.094533,0.9349289,8788331,26.52836,"","United_Arab_Emirates","2020-05-27"
66440000,95.49777,4.871775,0.00128181,85163.47,238.7023,"","United_Kingdom","2020-04-04"
3457000,86.25868,4.113561,0.0001260633,435.8009,8.93484,"","Uruguay","2020-03-26"
327199999,95.16505,4.764263,0.00187211,612554.3,2750.424,"","US","2020-04-04"
3205956,93.31629,4.399784,0.0007225662,2316.516,38.62808,"Utah","US","2020-04-02"
32390000,163.5847,6.000702,0.9309146,30152320,9.413911,"","Uzbekistan","2020-06-11"
31980000,85.64299,5.653514,6.123455e-06,195.8281,5.815675,"","Venezuela","2020-03-25"
623988,95.30737,5.168737,0.00145459,907.6466,15.12934,"Vermont","US","2020-04-04"
6594804,87.25838,3.959669,0.0001893872,1248.972,15.0827,"Victoria","Australia","2020-03-27"
95540000,87.69023,8.285186,3.557669e-06,339.8997,7.814475,"","Vietnam","2020-03-27"
106404,89.1358,4.397256,0.0004589661,48.83583,2.195127,"Virgin_Islands","US","2020-03-29"
8535512,97.97534,4.747848,0.0007783622,6643.72,30.47388,"Virginia","US","2020-04-06"
7614892,93.67482,6.678191,0.001787244,13609.67,80.81364,"Washington","US","2020-04-02"
4776131,193.6477,9.873051,0.9593099,4581790,6.138619,"","West_Bank_and_Gaza","2020-07-11"
1792147,95.38356,3.996005,0.0003221355,577.3142,8.614224,"West_Virginia","US","2020-04-04"
2621680,86.9398,3.976557,0.0001883766,493.8632,5.55569,"Western_Australia","Australia","2020-03-26"
5822431,93.48294,5.006839,0.0006093507,3547.902,51.20853,"Wisconsin","US","2020-04-02"
578759,94.29274,4.900725,0.0005603137,324.2866,4.374643,"Wyoming","US","2020-04-03"
24450000,38.19642,4.395087,3.117216e-06,76.21594,1.866722,"Xinjiang","China","2020-02-07"
41075,88.0844,4.562332,0.0001789603,7.350793,0.3028406,"Yukon","Canada","2020-03-28"
48009999,33.16824,5.575962,3.747544e-06,179.9196,8.545094,"Yunnan","China","2020-02-02"
17090000,86.60392,1.936597,2.288787e-06,39.11537,0.860862,"","Zambia","2020-03-26"
56569990,33.05516,3.501829,2.167088e-05,1225.921,31.23436,"Zhejiang","China","2020-02-02"
16530000,87.11233,3.175874,6.051343e-07,10.00287,0.3980443,"","Zimbabwe","2020-03-27"
