"PeakExposedDate","Province","R0","Beta","Sigma","Gamma","FirstDate","FirstDayNum","FirstDayExposedCount","PeakInfectedDate","FirstDayInfectedCount","PeakInfectedDayNum","PeakInfectedCount","PeakExposedDayNum","PeakExposedCount","TotalPopulation","PopFactor","EstimatedSusceptiblePopulation","Loss"
"2020-04-03","Alabama",241.2853,2.412853,0.0307611,0.01,"2020-03-12",72,6,"2020-05-19",30,140,3832.515,94,4875.662,35529995,0.0001851971,6580.052,37.60773
"2020-03-30","Alaska",123.1627,1.231616,0.1029872,0.009999903,"2020-03-17",77,3,"2020-04-20",8,111,219.8235,90,146.0626,35530000,7.746933e-06,275.2485,3.227161
"2020-05-26","Arizona",304.1346,3.041347,0.01001645,0.01,"2020-02-21",52,8,"2020-08-20",4,233,10168370,147,23371810,35529999,0.7801239,27717800,57.71059
"2020-04-01","Arkansas",57.53353,0.5757439,0.102366,0.0100071,"2020-03-09",69,38,"2020-04-22",10,113,1118.171,92,585.333,35530000,4.020532e-05,1428.495,23.07787
"2020-04-01","Colorado",34.49229,0.3449229,0.589546,0.01,"2020-03-05",65,16,"2020-04-14",1,105,5557.893,92,699.8505,35529985,0.0001836355,6524.567,98.06305
"2020-04-02","Connecticut",60.45711,0.6045712,0.2536369,0.01,"2020-03-08",68,17,"2020-04-15",3,106,7404.119,93,2341.684,35529998,0.0002451765,8711.119,71.30906
"2020-06-11","Delaware",34.38477,0.3438477,0.1572937,0.01,"2020-03-15",75,36,"2020-06-29",20,181,24611530,163,7926741,35530000,0.8868444,31509580,11.17034
"2020-06-10","District_of_Columbia",22.34926,0.2234926,0.4830994,0.01,"2020-03-14",74,23,"2020-06-26",24,178,28287950,162,3088848,35529995,1,35530000,16.42599
"2020-03-31","Georgia",63.53678,0.6353676,0.3124028,0.009999996,"2020-03-11",71,7,"2020-04-12",18,103,7257.246,91,2073.054,35529983,0.0002357284,8375.425,109.3891
"2020-08-18","Guam",13.94661,0.1394661,0.2723349,0.01,"2020-03-20",80,15,"2020-09-11",19,255,25167520,231,3216299,35529997,1,35530000,3.178897
"2020-04-04","Hawaii",28.94259,0.3029395,0.4372081,0.01046691,"2020-03-15",75,2,"2020-04-18",15,109,584.6035,95,86.90133,35529998,1.949056e-05,692.4994,9.109915
"2020-03-31","Idaho",271.7972,2.717973,0.1595307,0.01,"2020-03-22",82,13,"2020-04-16",10,107,1355.193,91,915.954,35530000,4.547652e-05,1615.781,27.35848
"2020-04-08","Illinois",31.46575,0.2436813,0.7134959,0.007744335,"2020-03-02",62,1,"2020-04-24",36,115,25961.02,99,2115.671,35529999,0.0008606559,30579.1,185.3337
"2020-04-02","Indiana",74.45433,0.7445431,0.2208307,0.009999998,"2020-03-15",75,57,"2020-04-15",22,106,5604.427,93,2126.539,35529994,0.0001846767,6561.561,40.57704
"2020-04-03","Iowa",36.79485,0.3679488,0.3331504,0.01000001,"2020-03-18",78,52,"2020-04-17",18,108,1244.082,94,257.7582,35529992,3.973214e-05,1411.683,13.41779
"2020-04-03","Kansas",117.0872,1.170872,0.06440577,0.01,"2020-03-15",75,34,"2020-05-02",16,123,1372.529,94,1110.737,35529999,5.357001e-05,1903.342,9.226679
"2020-04-01","Kentucky",38.10295,0.386793,0.3478262,0.01015126,"2020-03-14",74,29,"2020-04-14",13,105,1147.356,92,235.5395,35529994,3.714853e-05,1319.887,15.53875
"2020-04-07","Louisiana",55.70374,0.5219868,0.2265508,0.009370767,"2020-03-03",63,6,"2020-04-21",10,112,29523.63,98,9213.744,35529999,0.000987347,35080.44,199.6749
"2020-03-30","Maine",74.9522,0.749522,0.1391556,0.01,"2020-03-13",73,12,"2020-04-17",7,108,551.437,90,269.5506,35530000,1.890842e-05,671.8161,13.16983
"2020-04-06","Maryland",197.9025,1.979025,0.03757081,0.01,"2020-03-13",73,11,"2020-05-17",47,138,10545.34,97,11944.82,35529992,0.0004808895,17086,40.42077
"2020-04-02","Michigan",51.30268,0.3891707,0.6781904,0.007585778,"2020-03-12",72,30,"2020-04-14",71,105,19762.12,93,2374.095,35530000,0.0006215524,22083.76,114.7913
"2020-04-02","Minnesota",128.4059,1.284059,0.03724343,0.01,"2020-03-06",66,20,"2020-05-12",16,133,1699.811,93,1800.708,35529997,7.725454e-05,2744.853,18.55284
"2020-04-01","Mississippi",43.28982,0.4328983,0.3244705,0.01,"2020-03-12",72,28,"2020-04-13",9,104,1836.665,92,418.7151,35530000,5.996445e-05,2130.537,30.94233
"2020-03-31","Missouri",57.74226,0.5774075,0.4158424,0.009999739,"2020-03-13",73,8,"2020-04-11",9,102,2580.295,91,581.4523,35529999,8.251723e-05,2931.837,45.27025
"2020-03-30","Montana",65.97629,0.6597629,0.2206609,0.01,"2020-03-16",76,7,"2020-04-12",7,103,302.5373,90,109.8571,35530000,9.768475e-06,347.0739,5.047778
"2020-06-18","Nebraska",20.72935,0.2072935,0.6036113,0.01,"2020-03-10",70,9,"2020-07-05",2,187,28083320,170,2404641,35529997,1,35530000,6.213342
"2020-04-01","Nevada",93.97295,0.9397295,0.1163343,0.01,"2020-03-09",69,12,"2020-04-20",8,111,2460.644,92,1414.286,35529996,8.801295e-05,3127.1,29.53449
"2020-04-11","New_Hampshire",31.69445,0.3176746,0.2200398,0.01002304,"2020-03-16",76,44,"2020-04-27",12,118,1892.181,102,474.5719,35529996,6.472723e-05,2299.758,17.4598
"2020-04-07","New_Mexico",32.52697,0.3252697,0.4053981,0.01,"2020-03-11",71,2,"2020-04-21",7,112,1450.299,98,234.7755,35530000,4.87172e-05,1730.922,13.26967
"2020-04-01","North_Carolina",56.52957,0.5652957,0.2468905,0.01,"2020-03-09",69,17,"2020-04-14",8,105,3078.614,92,957.449,35529993,0.0001020419,3625.548,53.42872
"2020-03-29","North_Dakota",96.42041,1.040568,0.1906244,0.01079199,"2020-03-19",79,12,"2020-04-12",4,103,205.344,89,98.94874,35530000,6.532388e-06,232.0957,6.258376
"2020-04-03","Ohio",89.30122,0.893012,0.1003093,0.009999997,"2020-03-08",68,7,"2020-04-24",21,115,6387.374,94,3877.938,35529997,0.0002349074,8346.259,44.82591
"2020-04-07","Oklahoma",34.69566,0.3469656,0.3557395,0.01000026,"2020-03-13",73,17,"2020-04-21",12,112,2755.992,98,513.9878,35529998,9.210751e-05,3272.58,16.98479
"2020-03-31","Oregon",46.3803,0.463803,0.2217675,0.01,"2020-03-07",67,5,"2020-04-15",8,106,1216.874,91,366.5003,35529985,4.109864e-05,1460.234,19.29745
"2020-04-02","Puerto_Rico",198.515,1.994187,0.08117246,0.01004553,"2020-03-21",81,17,"2020-04-27",15,118,768.8225,93,635.0321,35529997,2.836157e-05,1007.687,8.327586
"2020-04-01","Rhode_Island",44.43512,0.4443512,0.6561065,0.01,"2020-03-13",73,6,"2020-04-12",1,103,1039.162,92,143.1789,35529997,3.327955e-05,1182.422,15.56666
"2020-04-02","South_Carolina",37.28293,0.3728293,0.628163,0.01,"2020-03-13",73,25,"2020-04-14",3,105,2573.53,93,327.6555,35529993,8.358955e-05,2969.936,31.30102
"2020-06-16","South_Dakota",23.08756,0.2308756,0.5137655,0.01,"2020-03-10",70,3,"2020-07-02",3,184,28490050,168,3023688,35530000,1,35530000,4.678047
"2020-03-31","Tennessee",82.70624,0.8270625,0.1298493,0.01,"2020-03-09",69,5,"2020-04-18",28,109,4421.338,91,2304.077,35529993,0.000155959,5541.222,82.81942
"2020-04-03","Texas",33.28362,0.3328359,0.6244022,0.009999993,"2020-03-12",72,37,"2020-04-16",61,107,9953.792,94,1175.331,35529987,0.0003275589,11638.16,92.22041
"2020-04-04","Utah",44.73879,0.4473883,0.2014617,0.01000001,"2020-03-12",72,36,"2020-04-19",19,110,2404.267,95,759.8656,35529998,8.117295e-05,2884.075,37.04216
"2020-04-04","Vermont",26.12537,0.2612537,0.4420104,0.01,"2020-03-17",77,46,"2020-04-19",6,110,725.7271,95,98.9906,35529999,2.342305e-05,832.2209,8.831539
"2020-04-06","Virginia",32.02346,0.3202347,0.6006874,0.01,"2020-03-13",73,22,"2020-04-19",16,110,4848.578,97,573.3568,35529993,0.0001607905,5712.887,26.13305
"2020-04-07","Washington",36.15125,0.2910105,0.132125,0.008049807,"2020-02-09",40,14,"2020-04-29",4,120,14684.7,98,4716.293,35529999,0.000523932,18615.31,114.3633
"2020-04-02","West_Virginia",44.48262,0.4448262,0.4505761,0.01,"2020-03-16",76,7,"2020-04-14",3,105,407.7373,93,75.01205,35530000,1.304524e-05,463.4975,5.976389
"2020-04-01","Wisconsin",98.43851,0.9843852,0.06952939,0.01,"2020-03-06",66,13,"2020-04-28",18,119,3403.593,92,2533.797,35529997,0.0001336029,4746.912,44.91884
"2020-04-03","Wyoming",26.65249,0.2665249,0.5685552,0.01,"2020-03-20",80,24,"2020-04-17",5,108,284.7132,94,32.79069,35530000,8.814934e-06,313.1946,6.077949
"2020-04-02","",256.5424,2.565428,0.03444108,0.01000002,"2020-03-09",69,3,"2020-05-15",2,136,684.9292,93,836.5995,35530000,3.199188e-05,1136.672,3.924508
"2020-03-26","",79.32137,3.186799,0.02167258,0.04017579,"2020-03-08",68,2,"2020-04-20",13,111,251.2295,86,760.5221,2877000,0.0003337321,960.1472,5.848421
"2020-04-06","",94.59724,2.864502,0.02125608,0.03028103,"2020-03-04",64,25,"2020-05-06",4,127,2455.567,97,6328.127,41320000,0.0001966431,8125.293,14.74155
"2020-03-25","",194.1279,1.941279,0.0820737,0.01,"2020-03-09",69,11,"2020-04-19",1,110,512.0247,85,416.5536,78000,0.008696872,678.356,4.173522
"2020-02-18","Anhui",2.026289,2.026275,0.241348,0.9999931,"2020-01-22",22,9,"2020-02-19",1,50,40.2251,49,167.6983,59500509,2.121151e-05,1262.096,183.1078
"2020-04-02","",9.279807,0.355423,0.3460074,0.03830069,"2020-03-02",62,7,"2020-04-11",3,102,1291.19,93,319.8366,44270000,5.055308e-05,2237.985,22.7024
"2020-04-03","",34.61157,0.3461157,0.1573632,0.01,"2020-03-07",67,10,"2020-04-22",21,113,1168.785,94,381.1401,2973000,0.000491558,1461.402,8.224254
"2020-03-28","Aruba",38.3903,0.383903,0.6693802,0.01,"2020-03-20",80,11,"2020-04-07",1,98,66.22234,88,9.124193,4829,0.01328593,64.15775,1.451514
"2020-03-25","Australian_Capital_Territory",50.62425,1.401934,0.2687334,0.02769293,"2020-03-18",78,9,"2020-04-02",1,93,79.16881,85,41.57293,426709,0.0002263179,96.57187,2.381402
"2020-03-25","",19.75353,0.3717494,0.7588198,0.01881939,"2020-03-01",61,19,"2020-04-04",14,95,9367.231,85,1092.878,8822000,0.001366017,12051,181.4674
"2020-04-08","",31.67964,0.4694861,0.1599542,0.01481981,"2020-03-09",69,6,"2020-04-23",5,114,1227.384,99,483.8891,9898000,0.0001668136,1651.121,4.127156
"2020-03-23","",55.77005,3.883424,0.01000001,0.06963278,"2020-02-22",53,18,"2020-04-12",17,103,276.4838,83,2275.71,1493000,0.001808862,2700.63,15.92627
"2020-05-12","",14.10446,0.1410447,0.1473617,0.01,"2020-03-18",78,25,"2020-06-08",3,160,923.4511,133,196.8394,285719,0.004620452,1320.151,1.238159
"2020-05-16","",139.4656,5.714383,0.01000007,0.04097343,"2020-03-11",71,17,"2020-06-20",5,172,1459156,137,8274101,9508000,1,9508000,13.22417
"2020-04-04","",6.926368,0.2391749,0.666933,0.03453107,"2020-02-14",45,2,"2020-04-16",12,107,20788.79,95,2292.734,11400000,0.003342973,38109.9,232.6217
"2020-04-01","",57.43288,0.5743289,0.1138091,0.01,"2020-03-08",68,1,"2020-04-21",3,112,202.4582,92,99.14482,11050000,2.348527e-05,259.5122,1.856114
"2020-04-02","",32.88148,0.3505865,0.2677819,0.01066213,"2020-03-11",71,12,"2020-04-16",11,107,807.654,93,188.3329,3507000,0.0002765309,969.7938,3.989878
"2020-04-03","",140.9065,1.409065,0.05327071,0.01,"2020-03-04",64,13,"2020-05-06",23,127,20663.56,94,18858.76,209300000,0.0001464175,30645.18,103.082
"2020-03-16","",57.78723,1.91634,0.1258536,0.033162,"2020-03-08",68,15,"2020-03-27",3,87,92.89949,76,84.12819,428697,0.0003149077,135,6.879345
"2020-03-25","",236.7186,2.367227,0.03146812,0.01000017,"2020-03-06",66,31,"2020-05-10",7,131,690.3884,85,871.3094,7050000,0.0001625157,1145.735,3.961542
"2020-03-27","",19.28748,0.6708038,0.1518427,0.03477924,"2020-03-15",75,51,"2020-04-06",9,97,242.9107,87,148.4904,19190000,1.797811e-05,345,2.753492
"2020-03-19","",71.60501,2.041398,0.2005482,0.02850915,"2020-03-11",71,7,"2020-03-28",1,88,85.94474,79,59.17029,16010000,7.12055e-06,114,3.676582
"2020-05-20","",38.00203,0.4450953,0.2817146,0.01171241,"2020-03-11",71,3,"2020-06-02",2,154,19434660,141,4992726,24050000,0.9852171,23694470,7.271957
"2020-04-05","Channel_Islands",25.66009,0.2758447,0.6279262,0.01074995,"2020-03-17",77,15,"2020-04-18",3,109,440.0676,96,46.26313,170499,0.003040889,518.4685,2.783386
"2020-04-01","",19.19689,0.2954209,0.6059309,0.015389,"2020-02-29",60,11,"2020-04-13",3,104,4505.145,92,525.1232,18050000,0.0003231091,5832.12,35.66458
"2020-01-23","Chongqing",3.733245,0.1860725,0.5433178,0.04984202,"2020-01-23",23,53,"2020-02-13",75,44,315.6449,23,51.19109,30749994,1.882927e-05,579,68.60129
"2020-04-02","",164.9729,1.64973,0.03328534,0.01,"2020-03-03",63,26,"2020-05-16",5,137,2833.294,93,3295.34,49070000,9.683915e-05,4751.897,10.33823
"2020-04-05","",23.30493,0.4558918,0.1085923,0.01956203,"2020-03-15",75,28,"2020-04-21",2,112,224.9803,96,122.9826,11855000,2.704746e-05,320.6476,1.781494
"2020-03-27","",36.13298,0.3613298,0.5320268,0.01,"2020-03-12",72,11,"2020-04-08",9,99,421.8458,87,61.01854,4906000,9.653539e-05,473.6026,6.821339
"2020-03-28","",61.0172,0.9092395,0.1594089,0.01490136,"2020-03-20",80,23,"2020-04-11",18,102,235.0873,88,127.4076,24290000,1.092727e-05,265.4233,4.113709
"2020-03-28","",31.98304,0.3392627,0.6180039,0.01060758,"2020-03-05",65,1,"2020-04-09",6,100,1069.248,88,129.3713,4076000,0.0003098944,1263.13,9.354885
"2020-04-01","",116.757,1.53321,0.06442126,0.01313163,"2020-03-14",74,13,"2020-04-27",4,118,461.6858,92,422.639,11480000,5.965581e-05,684.8487,1.956169
"2020-04-23","",12.57046,0.1842722,0.3325521,0.01465914,"2020-03-11",71,24,"2020-05-11",13,132,3300.95,114,461.838,1170000,0.004087173,4781.993,4.209697
"2020-03-30","",26.69664,0.2669664,0.6562619,0.01,"2020-02-25",56,2,"2020-04-13",9,104,4931.673,90,473.8894,10650000,0.000560559,5969.953,60.91014
"2020-03-21","",55.84852,1.307081,0.0689527,0.02340404,"2020-02-28",59,14,"2020-04-08",22,99,2569.716,81,2583.294,5603000,0.0008119532,4549.374,164.8881
"2020-02-17","",27.07193,0.624375,0.693053,0.02306356,"2020-02-09",40,26,"2020-02-24",25,55,643.0092,48,120.8472,3711,0.1999732,742.1004,108.8476
"2020-04-02","",15.354,0.3778713,0.6825104,0.0246106,"2020-03-24",84,7,"2020-04-10",3,101,56.18751,93,8.14665,956985,6.936032e-05,66.37679,0.9862868
"2020-03-27","",413.0269,4.13027,0.1579269,0.01,"2020-03-20",80,36,"2020-04-12",8,103,1558.197,87,1168.57,10770000,0.0001708027,1839.545,28.59409
"2020-03-29","",39.79132,0.397951,0.5281328,0.01000095,"2020-03-05",65,12,"2020-04-10",2,101,3468.924,89,525.0254,16620000,0.0002420126,4022.249,49.02419
"2020-07-31","",4.207924,0.1622737,0.4798685,0.03856383,"2020-02-25",56,1,"2020-08-14",21,227,37833510,213,4698371,97550000,0.9999943,97549440,15.45075
"2020-06-29","",14.7154,0.1771962,0.6551367,0.01204155,"2020-03-24",84,13,"2020-07-18",4,200,4683003,181,341360.2,6378000,0.9999993,6377996,0.6674184
"2020-03-28","",163.2023,1.632023,0.02938937,0.01,"2020-03-01",61,9,"2020-05-14",13,135,1550.823,88,1910.545,1328000,0.002034436,2701.731,20.01839
"2020-03-19","Faroe_Islands",36.08496,2.002606,0.1296407,0.05549698,"2020-03-11",71,21,"2020-03-28",3,88,104.8883,79,111.8993,50498,0.003584329,181.0014,5.8827
"2020-03-26","",21.4774,0.3079934,0.5711987,0.01434035,"2020-02-27",58,2,"2020-04-07",6,98,1522.202,86,189.9633,5513000,0.0003495375,1927,42.96941
"2020-04-12","",15.22865,0.6675611,0.05895002,0.04383586,"2020-01-29",29,1,"2020-04-26",11,117,148915.1,103,179643.1,64266012,0.006137804,394452.2,1342.633
"2020-07-24","French_Guiana",5.271972,0.1958841,0.1014817,0.03715575,"2020-03-06",66,13,"2020-08-10",1,223,92894.78,206,47808.43,269352,0.9899327,266640.3,1.840385
"2020-02-07","Fujian",5.082949,0.2777335,0.6739941,0.05464024,"2020-01-22",22,16,"2020-02-16",7,47,175.3263,38,25.22911,39109999,8.949118e-06,350,41.21793
"2020-08-21","",5.269278,0.106821,0.4529689,0.02027241,"2020-03-08",68,16,"2020-09-13",8,257,1756279,234,143802.9,3717000,0.9999445,3716794,2.323658
"2020-04-01","",43.21258,1.384388,0.02880361,0.03203668,"2020-01-27",27,14,"2020-04-24",4,115,96567.7,92,190273.5,82790000,0.003451686,285765.1,1656.435
"2020-03-31","",9.944578,0.2980324,0.5170429,0.02996934,"2020-03-20",80,41,"2020-04-09",1,100,200.4191,91,33.29377,28830000,9.027031e-06,260.2493,7.390526
"2020-03-28","Gibraltar",8.044196,0.8568434,0.1883241,0.106517,"2020-03-18",78,17,"2020-04-02",2,93,47.25971,88,41.33995,30000,0.003446499,103.395,2.341851
"2020-03-29","",108.73,1.0873,0.03498812,0.01,"2020-02-25",56,22,"2020-05-09",14,130,2372.268,89,2507.884,10740000,0.0003654492,3924.925,16.6552
"2020-12-22","Guadeloupe",2.423762,0.06264745,0.1836509,0.02584719,"2020-03-17",77,76,"2021-01-21",11,387,76583.19,357,12674.32,394110,1,394110,2.219755
"2020-02-04","Guangxi",10.80012,0.5049837,0.1950137,0.04675725,"2020-01-23",23,17,"2020-02-13",16,44,154.9316,35,77.69411,48849998,5.199591e-06,254,27.36732
"2020-08-29","",3.073228,0.1355672,0.4575332,0.04411231,"2020-03-17",77,11,"2020-09-13",4,257,868112.5,242,110006.2,16910000,0.1825561,3087023,1.093242
"2020-04-05","",71.83164,0.8957582,0.4735285,0.01247024,"2020-03-26",86,2,"2020-04-13",4,104,198.5742,96,53.66241,12720000,1.734782e-05,220.6642,1.166401
"2020-02-05","Guizhou",6.670189,0.3817574,0.3279667,0.05723337,"2020-01-22",22,5,"2020-02-13",7,44,77.46152,36,24.48569,35806467,4.105404e-06,147,12.3749
"2020-01-22","Hebei",1.281539,0.3051258,0.7,0.2380934,"2020-01-22",22,22,"2020-02-12",5,43,32.36723,22,18.32971,59019999,1.100882e-05,649.7404,53.69611
"2020-02-07","Heilongjiang",5.582132,0.2824518,0.4957266,0.05059927,"2020-01-23",23,25,"2020-02-16",18,47,270.0821,38,50.59741,37890000,1.330167e-05,504.0001,50.66409
"2020-02-16","Henan",3.259865,0.3989827,0.3664079,0.1223924,"2020-01-23",23,17,"2020-02-21",13,52,373.9907,47,153.9783,95589995,1.517389e-05,1450.472,205.7941
"2020-04-02","",29.11803,0.4313419,0.4309973,0.01481357,"2020-03-16",76,1,"2020-04-12",6,103,302.5149,93,58.82046,9265000,3.95826e-05,366.7328,2.408473
"2020-09-12","Hong_Kong",37.02421,0.8987968,0.01028966,0.02427592,"2020-01-23",23,22,"2020-09-12",3,256,1564984,256,3304859,7335384,0.9999986,7335374,31.72148
"2020-02-12","Hubei",12.14543,0.5607748,0.9996354,0.04617166,"2020-01-23",23,26,"2020-02-18",35,49,48261.43,43,6836.868,59019556,0.001211043,71475.19,5167.86
"2020-02-03","Hunan",9.346042,0.5851297,0.6652325,0.06260722,"2020-01-23",23,2,"2020-02-09",23,40,632.3773,34,138.9361,68599996,1.518047e-05,1041.38,60.63727
"2020-03-31","",19.71043,0.3690031,0.3080262,0.01872121,"2020-03-08",68,11,"2020-04-12",6,103,720.7098,91,169.7696,9773000,9.844602e-05,962.1129,4.131881
"2020-03-24","",44.08803,1.029886,0.07768049,0.02335977,"2020-03-03",63,15,"2020-04-10",17,101,1091.457,84,968.2691,364260,0.005096594,1856.485,17.20943
"2020-06-10","",33.61582,0.616305,0.06854409,0.01833378,"2020-03-04",64,7,"2020-06-30",28,182,114143500,162,87231280,1.339e+09,0.1443355,193265300,27.98427
"2020-03-31","",12.85115,0.2864841,0.3822005,0.02229248,"2020-03-13",73,27,"2020-04-12",108,103,2116.416,91,385.651,2.64e+08,1.119855e-05,2956.418,13.25091
"2020-07-05","",2.932019,0.1537489,0.42313,0.05243791,"2020-01-22",22,66,"2020-07-18",101,200,21003610,187,3308015,81160000,1,81160000,898.0081
"2020-04-10","",7.708042,0.40298,0.08908947,0.05228047,"2020-02-28",59,30,"2020-04-22",12,113,1032.732,101,877.2557,38270000,7.470153e-05,2858.828,8.666507
"2020-04-01","",26.6915,0.266915,0.65327,0.01,"2020-03-04",64,35,"2020-04-15",11,106,5718.754,92,552.9893,4830000,0.001425206,6883.744,58.77328
"2020-04-07","Isle_of_Man",49.42108,0.4942109,0.1650754,0.01,"2020-03-20",80,21,"2020-04-23",3,114,304.6993,98,116.4826,84287,0.004192463,353.3701,1.907985
"2020-04-02","",36.78878,0.3678881,0.2918728,0.01000001,"2020-03-05",65,7,"2020-04-16",47,107,10704.26,93,2373.05,8712000,0.001474632,12847,82.2174
"2020-03-25","",8.485565,0.2537769,0.5330361,0.0299069,"2020-02-01",32,14,"2020-04-06",15,97,86264.75,85,11563.5,60480000,0.002408159,145645.5,853.7548
"2020-04-18","",8.541634,0.14004,0.2602166,0.01639498,"2020-03-13",73,1,"2020-05-09",10,130,148.3729,109,22.6428,2890000,8.18369e-05,236.5086,0.8369672
"2020-09-12","",5.018999,0.1042963,0.4996293,0.0207803,"2020-01-22",22,15,"2020-09-25",3,269,58240030,256,3808672,126799998,1,126800000,53.70306
"2020-02-15","Jiangsu",1.149742,1.135465,0.5864557,0.9875825,"2020-01-22",22,2,"2020-02-16",17,47,14.74388,46,24.86138,80289999,2.951624e-05,2369.859,127.2864
"2020-02-13","Jiangxi",2.514572,0.2827455,0.5639426,0.1124428,"2020-01-22",22,41,"2020-02-19",7,50,252.9155,44,60.37435,46219998,2.374169e-05,1097.341,145.5922
"2020-01-24","Jilin",2.265995,0.1628266,0.2240015,0.07185656,"2020-01-23",23,26,"2020-02-18",1,49,33.64561,24,22.70893,27170000,3.606919e-06,98,12.5866
"2020-03-21","",134.9054,3.001975,0.1082599,0.02225245,"2020-03-14",74,17,"2020-04-06",6,97,249.9102,81,237.5314,9702000,3.679299e-05,356.9655,6.494453
"2020-04-01","",25.86373,0.3458711,0.6158565,0.01337282,"2020-03-17",77,9,"2020-04-13",15,104,637.0091,92,81.62481,18040000,4.192852e-05,756.3904,4.962841
"2020-05-06","",19.59018,0.2164834,0.6999997,0.01105061,"2020-03-18",78,7,"2020-05-22",4,143,20056.1,127,1580.472,49700000,0.0005150919,25600.07,1.708518
"2020-03-03","",11.1213,0.2783994,0.9989632,0.02503299,"2020-01-22",22,1,"2020-03-14",2,74,6911.396,63,543.815,51469999,0.0001988926,10237,780.5737
"2020-03-25","",7.009098,0.07052333,0.7,0.01006168,"2020-03-25",85,73,"2020-05-31",11,152,495.254,85,55.60542,1831000,0.00039543,724.0323,3.189066
"2020-08-14","",5.25986,0.10468,0.3828861,0.01990167,"2020-02-25",56,18,"2020-09-06",14,250,1937873,227,182095,4137000,1,4137000,12.42793
"2020-03-30","",64.89077,0.7242237,0.2971235,0.01116066,"2020-03-24",84,1,"2020-04-09",30,100,152.5086,90,52.03003,6202000,2.370204e-05,147,2.821631
"2020-03-29","",304.6129,3.046139,0.0187416,0.01000003,"2020-03-07",67,24,"2020-05-31",13,152,1080.562,89,1783.576,1920000,0.001140298,2189.373,9.172661
"2020-03-27","",97.21183,1.009976,0.02921247,0.01038943,"2020-02-17",48,24,"2020-05-10",1,131,713.4378,87,825.9818,6082000,0.0002062401,1254.352,8.460772
"2020-06-15","",10.39519,0.1039519,0.6999573,0.01,"2020-03-13",73,12,"2020-07-13",5,195,25791.64,167,1152.351,38557,1,38557,4.107176
"2020-04-02","",239.0553,2.390553,0.02372209,0.01,"2020-03-10",70,21,"2020-05-26",18,147,1773.724,93,2545.481,2794000,0.001183188,3305.828,12.34121
"2020-03-26","",37.87491,0.5607821,0.3038274,0.01480616,"2020-03-08",68,14,"2020-04-05",22,96,2298.838,86,655.9577,602005,0.00465777,2804.001,49.41765
"2020-03-23","",32.5596,0.325596,0.2720264,0.01,"2020-03-22",82,27,"2020-04-13",2,104,85.21351,83,23.15797,25570000,2.8158e-06,72,1.384617
"2020-06-06","",5.108312,0.1233821,0.6988703,0.0241532,"2020-02-06",37,8,"2020-06-25",17,177,416672.8,158,26258.81,31620000,0.02814933,890081.8,123.8261
"2020-03-23","",174.6493,1.746493,0.1199412,0.01,"2020-03-12",72,16,"2020-04-11",1,102,202.457,83,138.8078,493559,0.0004850695,239.4104,6.244774
"2020-03-26","Martinique",20.08405,0.5119826,0.1955653,0.025492,"2020-03-11",71,15,"2020-04-06",1,97,110.944,86,46.53088,376480,0.0003957714,149,3.590939
"2020-03-30","",61.51351,0.6151351,0.181167,0.01,"2020-03-17",77,29,"2020-04-14",3,105,230.478,90,94.13929,1265000,0.0001961274,248.1012,2.259241
"2020-03-31","Mayotte",46.58453,0.8003314,0.09256535,0.0171802,"2020-03-19",79,37,"2020-04-18",6,109,167.3703,91,120.9575,256518,0.0008165243,209.4532,1.768943
"2020-03-29","",9.444377,0.4706554,0.6999999,0.04983446,"2020-03-13",73,15,"2020-04-05",10,96,1165.313,89,205.0868,129200000,1.462848e-05,1890,64.42749
"2020-05-25","",24.50788,0.2450788,0.4294211,0.01,"2020-03-10",70,11,"2020-06-10",6,162,2852186,146,365699.7,3550000,0.9981782,3543533,5.139271
"2020-03-26","",123.8806,1.238807,0.09057875,0.01000001,"2020-03-16",76,11,"2020-04-18",3,109,72.01916,86,52.36557,38695,0.002118679,81.98229,1.01881
"2020-05-27","",19.53211,0.1953211,0.6346479,0.01,"2020-03-18",78,12,"2020-06-14",11,166,442568.3,148,34714.26,631219,0.8957968,565444,3.505337
"2020-04-03","",35.68925,0.5651188,0.1284378,0.01583443,"2020-03-02",62,12,"2020-04-18",1,109,1208.572,94,595.5377,35740000,4.726642e-05,1689.302,9.165146
"2020-04-02","",102.9661,1.329519,0.02824003,0.0129122,"2020-02-14",45,38,"2020-05-13",12,134,29820.39,93,39609.17,17180000,0.003392474,58282.71,120.1962
"2020-04-07","New_South_Wales",118.7959,1.188619,0.02232883,0.01000556,"2020-02-09",40,6,"2020-05-30",3,151,7519.874,98,10108.64,8089526,0.001800671,14566.57,79.24104
"2020-03-31","",85.98349,1.954229,0.0594128,0.02272796,"2020-03-14",74,24,"2020-04-20",16,111,1158.02,91,1357.704,4794000,0.0004361222,2090.77,5.897721
"2020-04-08","",29.03299,0.9073328,0.2325648,0.03125179,"2020-03-25",85,7,"2020-04-17",8,108,558.316,99,268.559,21480000,3.701559e-05,795.095,2.580509
"2020-04-02","",41.94266,0.8380034,0.06987628,0.01997974,"2020-03-19",79,39,"2020-04-22",22,113,305.8806,93,267.3446,190900000,2.399955e-06,458.1515,2.80058
"2020-04-08","",18.92895,0.1892895,0.5255827,0.01,"2020-03-09",69,8,"2020-04-26",17,117,1007.733,99,92.32968,2077000,0.0006115721,1270.235,6.57869
"2020-04-07","",21.41438,0.6451692,0.05555162,0.03012786,"2020-02-29",60,4,"2020-04-25",4,116,404.4616,98,427.3821,4636000,0.0001924404,892.1537,4.411523
"2020-03-31","",143.948,1.43948,0.03675302,0.01,"2020-02-29",60,19,"2020-05-11",14,132,4785.426,91,5197.666,1.97e+08,3.967939e-05,7816.841,37.83723
"2020-04-02","",102.5419,1.025419,0.06218258,0.01,"2020-03-05",65,12,"2020-05-01",10,122,2864.161,93,2270.608,4099000,0.0009991302,4095.435,19.25252
"2020-03-31","",32.50333,0.4605185,0.1044522,0.01416835,"2020-03-15",75,22,"2020-04-18",3,109,111.028,91,59.6787,6811000,1.960329e-05,133.518,1.431805
"2020-03-30","",5.460761,0.3876743,0.5661133,0.07099272,"2020-03-06",66,14,"2020-04-06",5,97,1027.635,90,217.7089,32170000,7.090457e-05,2281,70.20487
"2020-03-31","",50.63347,0.6298742,0.2979408,0.01243988,"2020-03-13",73,8,"2020-04-11",18,102,3534.841,91,1058.64,104900000,4.005385e-05,4201.649,34.92858
"2020-04-07","",100.3423,1.003423,0.04098012,0.01,"2020-02-27",58,9,"2020-05-14",17,135,9506.787,98,9139.109,37980000,0.0003989258,15151.2,34.54279
"2020-04-02","",38.83418,0.3110232,0.3784657,0.008009008,"2020-02-28",59,1,"2020-04-17",30,108,14750.47,93,2387.259,10290000,0.001675476,17240.65,123.6447
"2020-07-08","",10.21625,0.1021625,0.6236884,0.01,"2020-03-04",64,41,"2020-08-05",71,218,1750803,190,86010.01,2639000,1,2639000,43.50257
"2020-04-03","Queensland",45.40225,0.4540226,0.07364085,0.01,"2020-02-10",41,1,"2020-04-29",2,120,1572.607,94,895.7241,5095100,0.0004367191,2225.127,28.50168
"2020-03-29","Reunion",20.47023,0.3051334,0.6306276,0.0149062,"2020-03-19",79,37,"2020-04-09",12,100,315.551,89,39.77283,852924,0.0004033185,344,4.280651
"2020-04-05","",53.84406,1.216875,0.04570386,0.02259999,"2020-03-03",63,31,"2020-04-28",15,119,6206.859,96,7661.123,19530000,0.0006460818,12617.98,22.54848
"2020-05-30","",32.02371,0.4560019,0.1389473,0.01423951,"2020-03-04",64,15,"2020-06-16",17,168,104445800,151,43926440,144500000,0.9930788,143499900,34.91044
"2020-03-26","",945.4307,9.462374,0.01281968,0.01000853,"2020-03-16",76,27,"2020-06-15",8,167,231.8093,86,501.3756,12210000,4.31067e-05,526.3329,1.92879
"2020-03-20","",12.39581,0.1862568,0.6999995,0.01502579,"2020-03-03",63,2,"2020-04-05",21,96,207.3666,80,16.29826,33400,0.007964072,266,4.056195
"2020-03-26","",57.76852,1.499581,0.1822006,0.02595844,"2020-03-12",72,2,"2020-04-05",10,96,1702.513,86,1080.555,32940000,7.292047e-05,2402,48.90343
"2020-03-26","",9.118262,0.3493963,0.3815983,0.0383183,"2020-03-13",73,9,"2020-04-04",11,95,145.3246,86,34.56301,15850000,1.40079e-05,222.0253,3.560289
"2020-04-07","",35.31148,0.3531148,0.2815361,0.01,"2020-03-08",68,8,"2020-04-21",13,112,3747.653,98,832.044,7022000,0.0006442942,4524.234,17.70171
"2020-02-05","Shaanxi",5.208906,0.2926848,0.7,0.05618931,"2020-01-23",23,11,"2020-02-13",12,44,135.8301,36,19.90782,38350000,6.675394e-06,256.0014,26.34951
"2020-01-23","Shanxi",0.5531668,0.03004747,0.1815412,0.054319,"2020-01-22",22,49,"2020-01-31",36,31,56.20272,23,43.6019,36819999,1,36820000,21.19348
"2020-01-23","Sichuan",4.122472,0.199032,0.6972645,0.04827979,"2020-01-23",23,59,"2020-02-15",22,46,289.7867,23,58.64314,83019995,6.721273e-06,558,49.88191
"2020-06-06","",10.20821,0.3041994,0.04470197,0.0297995,"2020-01-23",23,3,"2020-06-27",5,179,72864.98,158,73325.59,5612000,0.03551652,199318.7,30.60116
"2020-03-29","",21.51937,0.2151937,0.6927725,0.01,"2020-03-06",66,14,"2020-04-14",5,105,526.4317,89,42.05403,5450000,0.0001169486,637.3699,10.35934
"2020-03-25","",27.2098,0.272098,0.2707672,0.01,"2020-03-02",62,44,"2020-04-11",3,102,916.7912,85,183.5427,2067000,0.000529523,1094.524,18.16877
"2020-03-26","",42.16745,0.4216746,0.5696149,0.01,"2020-03-14",74,26,"2020-04-06",56,97,1512.053,86,231.4991,56720000,2.917842e-05,1655,27.93347
"2020-03-24","South_Australia",391.1245,3.911245,0.04039542,0.01,"2020-03-04",64,1,"2020-05-04",1,125,555.5807,84,667.6715,1751693,0.0005031092,881.2929,7.47078
"2020-04-02","",4.800791,0.2252039,0.9982516,0.04690976,"2020-02-01",32,23,"2020-04-12",3,103,99062.37,93,8028.88,46660000,0.004790056,223504,2235.775
"2020-03-27","",124.3627,1.702675,0.01833151,0.01369121,"2020-02-14",45,6,"2020-05-17",1,138,222.6892,87,398.4513,21440000,2.45237e-05,525.7881,5.362033
"2020-04-06","",15.94816,0.1594815,0.6795533,0.01,"2020-02-05",36,9,"2020-04-26",2,117,10672.82,97,676.7061,10120000,0.001402064,14188.89,81.04055
"2020-03-24","",12.97699,0.3654875,0.5891595,0.02816428,"2020-02-22",53,11,"2020-04-03",11,94,14477.44,84,2197.649,8570000,0.002462081,21100.04,393.5019
"2020-09-12","",51.30586,0.6494095,0.01000005,0.01265761,"2020-01-30",30,6,"2020-11-07",7,312,7546756,256,16233470,23779999,1,23780000,12.6207
"2020-03-24","Tasmania",203.6103,2.463891,0.09700288,0.01210101,"2020-03-17",77,14,"2020-04-14",3,105,78.60617,84,67.31868,534281,0.0001680924,89.80856,1.598629
"2020-05-16","",7.043637,0.2298654,0.1339079,0.03263448,"2020-01-23",23,4,"2020-05-31",1,152,62579.73,137,25613.21,69039998,0.002020927,139524.8,96.02511
"2020-12-13","",5.173217,0.05173217,0.3468083,0.01,"2020-03-20",80,50,"2021-01-27",16,393,650104,348,34764.05,1369000,0.999997,1368996,1.820564
"2020-03-31","",115.4827,1.154827,0.07604528,0.01,"2020-03-08",68,18,"2020-04-25",1,116,773.8798,91,576.8255,11530000,9.067645e-05,1045.499,4.994059
"2020-04-01","",50.10979,0.5115919,0.6999972,0.01020942,"2020-03-10",70,22,"2020-04-11",7,102,27831.54,92,4035.948,80810000,0.0003896027,31483.79,136.1351
"2020-06-29","",11.09395,0.111238,0.6990464,0.01002691,"2020-03-25",85,8,"2020-07-25",17,207,80178.96,181,3774.219,42860000,0.002739724,117424.6,1.511783
"2020-04-02","",260.8736,2.608736,0.0476896,0.01,"2020-03-17",77,3,"2020-05-08",22,129,2642.904,93,2819.072,42220000,9.459116e-05,3993.639,5.542289
"2020-05-24","",24.08983,0.4463559,0.1289704,0.01852881,"2020-03-05",65,17,"2020-06-09",5,161,5574143,145,2579789,9400000,0.8877585,8344930,16.20897
"2020-04-03","",19.78836,0.2835655,0.6962263,0.01432991,"2020-02-15",46,3,"2020-04-16",3,107,59860.63,94,5958.424,66440000,0.001155443,76767.63,183.7609
"2020-03-22","",161.8937,2.870351,0.1070822,0.01772985,"2020-03-13",73,6,"2020-04-08",6,99,312.3673,82,277.5924,3457000,0.0001268578,438.5473,9.055458
"2020-04-08","",74.28408,0.7655399,0.06198562,0.01030557,"2020-02-03",34,2,"2020-05-06",11,127,843826.1,99,624327.5,327199999,0.003755825,1228906,2697.022
"2020-06-24","",14.06466,0.2178942,0.3024982,0.01549232,"2020-03-16",76,22,"2020-07-10",14,192,10412880,176,1753745,32390000,0.4617482,14956020,3.71095
"2020-03-16","",3.561635,0.1571722,0.59659,0.04412923,"2020-03-16",76,29,"2020-04-05",19,96,98.32042,76,28.66875,31980000,5.096104e-06,162.9734,3.031864
"2020-06-03","Victoria",4.45036,0.3045815,0.1563329,0.06843974,"2020-02-12",43,2,"2020-06-13",3,165,275780.7,155,156725.3,6594804,0.1415564,933536.4,47.4876
"2020-03-30","",26.52552,0.7033706,0.02760726,0.02651676,"2020-02-25",56,8,"2020-04-25",13,116,220.1315,90,362.1093,95540000,6.251322e-06,597.2513,11.12362
"2020-03-26","Western_Australia",39.4886,0.805827,0.1151486,0.02040658,"2020-03-08",68,4,"2020-04-10",8,101,372.5516,86,237.007,2621680,0.0002096718,549.6924,7.632112
"2020-02-14","Xinjiang",4.718352,0.427794,0.4837265,0.09066598,"2020-02-02",33,3,"2020-02-20",5,51,33.91001,45,9.866492,24450000,3.117101e-06,76.21313,11.00219
"2020-02-03","Yunnan",4.806288,0.2466773,0.5171717,0.05132387,"2020-01-22",22,10,"2020-02-12",21,43,103.7848,34,18.33077,48009999,3.832535e-06,184,26.09312
"2020-02-14","Zhejiang",1.715713,0.3955623,0.7,0.2305527,"2020-01-22",22,34,"2020-02-18",7,49,162.2267,45,56.4334,56569990,3.040538e-05,1720.032,196.4601
